symbol,isin,trade_date,exchange,segment,series,trade_type,auction,quantity,price,trade_id,order_id,order_execution_time
SEPC,INE964H01014,4/3/2023,BSE,EQ,B,buy,FALSE,10,10.9,1124100,1.68049E+18,2023-04-03T10:23:47
NAZARA,INE418L01021,4/6/2023,BSE,EQ,A,buy,FALSE,5,549.400024,44618700,1.68076E+18,2023-04-06T11:48:55
TATAPOWER,INE245A01021,4/6/2023,NSE,EQ,EQ,buy,FALSE,10,193.899994,76956109,1.3E+15,2023-04-06T11:50:01
SAREGAMA,INE979A01025,4/13/2023,BSE,EQ,A,buy,FALSE,4,320.649994,66117600,1.68138E+18,2023-04-13T14:26:19
SAREGAMA,INE979A01025,4/13/2023,BSE,EQ,A,buy,FALSE,1,320.600006,66117400,1.68138E+18,2023-04-13T14:26:19
SEPC,INE964H01014,4/21/2023,BSE,EQ,B,buy,FALSE,20,10.88,1715300,1.68205E+18,2023-04-21T12:40:48
HFCL,INE548A01028,4/24/2023,BSE,EQ,A,buy,FALSE,25,63.610001,73854200,1.68233E+18,2023-04-24T14:22:43
TRIDENT,INE064C01022,4/24/2023,BSE,EQ,A,buy,FALSE,100,30.73,74110800,1.68232E+18,2023-04-24T14:23:52
VIJAYA,INE043W01024,4/27/2023,NSE,EQ,EQ,buy,FALSE,1,377.850006,76066190,1.3E+15,2023-04-27T10:12:20
SEPC,INE964H01014,4/27/2023,BSE,EQ,B,buy,FALSE,15,11.2,1125400,1.68257E+18,2023-04-27T10:25:02
TEJASNET,INE010J01012,5/2/2023,BSE,EQ,A,sell,FALSE,1,657,354181100,1.68301E+18,2023-05-02T11:31:36
TEJASNET,INE010J01012,5/2/2023,BSE,EQ,A,sell,FALSE,18,656.650024,354248700,1.68301E+18,2023-05-02T11:31:54
RELAXO,INE131B01039,5/2/2023,NSE,EQ,EQ,buy,FALSE,2,851.299988,77775716,1.3E+15,2023-05-02T11:42:23
ASTRAL,INE006I01046,5/2/2023,BSE,EQ,A,buy,FALSE,3,1487.050049,303492900,1.683E+18,2023-05-02T11:54:20
TEJASNET,INE010J01012,5/2/2023,BSE,EQ,A,sell,FALSE,1,655.099976,360090400,1.68301E+18,2023-05-02T11:59:09
DEVYANI,INE872J01023,5/2/2023,NSE,EQ,EQ,buy,FALSE,20,167.699997,28067891,1.1E+15,2023-05-02T12:02:35
TRIDENT,INE064C01022,5/2/2023,NSE,EQ,EQ,buy,FALSE,25,32.599998,78051090,1.3E+15,2023-05-02T12:04:58
BHEL,INE257A01026,5/3/2023,NSE,EQ,EQ,buy,FALSE,20,87.699997,2890512,1E+15,2023-05-03T13:03:33
BHEL,INE257A01026,5/4/2023,BSE,EQ,A,buy,FALSE,10,86.290001,301957200,1.68317E+18,2023-05-04T11:06:11
SEPC,INE964H01014,5/4/2023,BSE,EQ,B,buy,FALSE,10,10.63,301258500,1.68317E+18,2023-05-04T11:07:10
STARHEALTH,INE575P01011,5/8/2023,BSE,EQ,A,sell,FALSE,10,607.200012,18892700,1.68352E+18,2023-05-08T09:35:45
SEPC,INE964H01014,5/8/2023,NSE,EQ,EQ,buy,FALSE,35,10.45,77412740,1.3E+15,2023-05-08T12:16:10
HBLPOWER,INE292B01021,5/8/2023,NSE,EQ,EQ,sell,FALSE,12,103.449997,28890274,1.1E+15,2023-05-08T14:08:23
HBLPOWER,INE292B01021,5/8/2023,NSE,EQ,EQ,sell,FALSE,38,103.449997,28890273,1.1E+15,2023-05-08T14:08:23
BHEL,INE257A01026,5/9/2023,BSE,EQ,A,buy,FALSE,30,81.099998,1013000,1.6836E+18,2023-05-09T09:42:10
LAURUSLABS,INE947Q01028,5/9/2023,BSE,EQ,A,buy,FALSE,5,331.299988,2481100,1.6836E+18,2023-05-09T11:19:27
DEVYANI,INE872J01023,5/9/2023,NSE,EQ,EQ,sell,FALSE,20,177.600006,27012455,1.1E+15,2023-05-09T11:24:58
HAPPSTMNDS,INE419U01012,5/9/2023,NSE,EQ,EQ,buy,FALSE,1,873.150024,27317099,1.1E+15,2023-05-09T11:52:44
HAPPSTMNDS,INE419U01012,5/11/2023,NSE,EQ,EQ,buy,FALSE,1,849.849976,26329007,1.1E+15,2023-05-11T10:09:56
NAZARA,INE418L01021,5/11/2023,BSE,EQ,A,buy,FALSE,10,562.799988,28114500,1.68378E+18,2023-05-11T10:12:23
TATAPOWER,INE245A01021,5/11/2023,NSE,EQ,EQ,buy,FALSE,10,206.25,76523287,1.3E+15,2023-05-11T10:48:37
TNPETRO,INE148A01019,5/11/2023,BSE,EQ,B,buy,FALSE,10,83,1317900,1.68378E+18,2023-05-11T10:57:30
NAZARA,INE418L01021,5/11/2023,BSE,EQ,A,sell,FALSE,10,566.849976,69841900,1.68378E+18,2023-05-11T14:08:50
RELIANCE,INE002A01018,5/11/2023,NSE,EQ,EQ,sell,FALSE,3,2488,78490955,1.3E+15,2023-05-11T14:25:40
SHEMAROO,INE363M01019,5/12/2023,NSE,EQ,EQ,buy,FALSE,30,139.399994,76449202,1.3E+15,2023-05-12T10:30:00
POKARNA,INE637C01025,5/12/2023,NSE,EQ,EQ,buy,FALSE,19,403.549988,51986533,1.2E+15,2023-05-12T11:27:21
POKARNA,INE637C01025,5/12/2023,NSE,EQ,EQ,buy,FALSE,1,403.5,51986532,1.2E+15,2023-05-12T11:27:21
POKARNA,INE637C01025,5/15/2023,BSE,EQ,B,buy,FALSE,2,399.450012,8854200,1.68412E+18,2023-05-15T09:47:35
POKARNA,INE637C01025,5/15/2023,BSE,EQ,B,buy,FALSE,8,399.149994,8854000,1.68412E+18,2023-05-15T09:47:35
POKARNA,INE637C01025,5/15/2023,BSE,EQ,B,buy,FALSE,6,397.950012,21463200,1.68413E+18,2023-05-15T11:33:27
POKARNA,INE637C01025,5/15/2023,BSE,EQ,B,buy,FALSE,3,398.299988,21463600,1.68413E+18,2023-05-15T11:33:27
POKARNA,INE637C01025,5/15/2023,BSE,EQ,B,buy,FALSE,1,398.200012,21463400,1.68413E+18,2023-05-15T11:33:27
POKARNA,INE637C01025,5/15/2023,NSE,EQ,EQ,sell,FALSE,20,395.5,52158859,1.2E+15,2023-05-15T11:58:08
ALEMBICLTD,INE426A01027,5/16/2023,NSE,EQ,EQ,buy,FALSE,75,71.449997,1366667,1E+15,2023-05-16T10:28:34
TATACONSUM,INE192A01025,5/16/2023,NSE,EQ,EQ,sell,FALSE,20,788.599976,77724010,1.3E+15,2023-05-16T12:21:52
ASTRAL,INE006I01046,5/16/2023,NSE,EQ,EQ,sell,FALSE,9,1721.5,2455998,1E+15,2023-05-16T12:22:06
SEPC,INE964H01014,5/16/2023,BSE,EQ,B,buy,FALSE,100,10.26,2478100,1.68421E+18,2023-05-16T13:29:26
SEPC,INE964H01014,5/17/2023,NSE,EQ,EQ,buy,FALSE,100,10.2,77734373,1.3E+15,2023-05-17T12:24:39
TRIDENT,INE064C01022,5/17/2023,BSE,EQ,A,sell,FALSE,725,34.880001,73007600,1.68431E+18,2023-05-17T13:01:52
TRIDENT,INE064C01022,5/17/2023,BSE,EQ,A,buy,FALSE,422,35.07,77504800,1.68431E+18,2023-05-17T13:23:42
TRIDENT,INE064C01022,5/17/2023,BSE,EQ,A,buy,FALSE,303,35.080002,77505100,1.68431E+18,2023-05-17T13:23:42
TRIDENT,INE064C01022,5/17/2023,BSE,EQ,A,sell,FALSE,125,35.110001,81584600,1.68431E+18,2023-05-17T13:46:22
TRIDENT,INE064C01022,5/17/2023,BSE,EQ,A,sell,FALSE,600,35.119999,81584400,1.68431E+18,2023-05-17T13:46:22
TRIDENT,INE064C01022,5/17/2023,BSE,EQ,A,buy,FALSE,125,35.290001,81991900,1.68431E+18,2023-05-17T13:48:04
TRIDENT,INE064C01022,5/17/2023,BSE,EQ,A,buy,FALSE,600,35.279999,81991700,1.68431E+18,2023-05-17T13:48:04
HFCL,INE548A01028,5/22/2023,BSE,EQ,A,buy,FALSE,50,64.779999,30682600,1.68473E+18,2023-05-22T09:55:59
POKARNA,INE637C01025,5/22/2023,BSE,EQ,B,sell,FALSE,2,370.450012,10193600,1.68473E+18,2023-05-22T10:01:49
POKARNA,INE637C01025,5/22/2023,BSE,EQ,B,sell,FALSE,7,370.25,10193800,1.68473E+18,2023-05-22T10:01:49
POKARNA,INE637C01025,5/22/2023,BSE,EQ,B,sell,FALSE,1,370.950012,10193000,1.68473E+18,2023-05-22T10:01:49
POKARNA,INE637C01025,5/22/2023,BSE,EQ,B,sell,FALSE,1,370.649994,10193200,1.68473E+18,2023-05-22T10:01:49
POKARNA,INE637C01025,5/22/2023,BSE,EQ,B,sell,FALSE,7,370.5,10193400,1.68473E+18,2023-05-22T10:01:49
POKARNA,INE637C01025,5/22/2023,BSE,EQ,B,sell,FALSE,2,371,10192800,1.68473E+18,2023-05-22T10:01:49
BHEL,INE257A01026,5/22/2023,BSE,EQ,A,buy,FALSE,40,80.139999,1316100,1.68473E+18,2023-05-22T10:25:43
LXCHEM,INE576O01020,5/23/2023,NSE,EQ,EQ,buy,FALSE,10,255.100006,50668958,1.2E+15,2023-05-23T09:44:23
HAPPSTMNDS,INE419U01012,5/24/2023,NSE,EQ,EQ,buy,FALSE,3,885,26812030,1.1E+15,2023-05-24T11:08:21
TRIDENT,INE064C01022,5/25/2023,NSE,EQ,EQ,sell,FALSE,76,32.549999,75317200,1.3E+15,2023-05-25T09:24:02
TRIDENT,INE064C01022,5/25/2023,NSE,EQ,EQ,sell,FALSE,649,32.549999,75317199,1.3E+15,2023-05-25T09:24:02
ALEMBICLTD,INE426A01027,5/25/2023,BSE,EQ,B,sell,FALSE,10,67.410004,271700,1.68499E+18,2023-05-25T09:25:59
ALEMBICLTD,INE426A01027,5/25/2023,BSE,EQ,B,sell,FALSE,2,67.440002,271300,1.68499E+18,2023-05-25T09:25:59
ALEMBICLTD,INE426A01027,5/25/2023,BSE,EQ,B,sell,FALSE,63,67.419998,271500,1.68499E+18,2023-05-25T09:25:59
TNPETRO,INE148A01019,5/25/2023,BSE,EQ,B,sell,FALSE,21,77.599998,311600,1.68499E+18,2023-05-25T09:27:59
TNPETRO,INE148A01019,5/25/2023,BSE,EQ,B,sell,FALSE,6,77.68,311200,1.68499E+18,2023-05-25T09:27:59
TNPETRO,INE148A01019,5/25/2023,BSE,EQ,B,sell,FALSE,2,77.690002,311000,1.68499E+18,2023-05-25T09:27:59
TNPETRO,INE148A01019,5/25/2023,BSE,EQ,B,sell,FALSE,71,77.669998,311400,1.68499E+18,2023-05-25T09:27:59
PRAJIND,INE074A01025,5/26/2023,NSE,EQ,EQ,buy,FALSE,5,381.450012,50584760,1.2E+15,2023-05-26T09:34:55
PRAJIND,INE074A01025,5/26/2023,NSE,EQ,EQ,buy,FALSE,15,381.5,50584761,1.2E+15,2023-05-26T09:34:55
LAURUSLABS,INE947Q01028,6/1/2023,NSE,EQ,EQ,buy,FALSE,20,339,50632938,1.2E+15,2023-06-01T09:34:57
VIJAYA,INE043W01024,6/1/2023,BSE,EQ,A,buy,FALSE,8,383.549988,18861700,1.68559E+18,2023-06-01T09:35:17
CDSL,INE736A01011,6/1/2023,NSE,EQ,EQ,buy,FALSE,8,1050.650024,1077040,1E+15,2023-06-01T10:00:56
CDSL,INE736A01011,6/1/2023,NSE,EQ,EQ,buy,FALSE,7,1050.800049,1077041,1E+15,2023-06-01T10:00:56
CDSL,INE736A01011,6/1/2023,NSE,EQ,EQ,sell,FALSE,15,1057.050049,1092187,1E+15,2023-06-01T10:02:04
CDSL,INE736A01011,6/1/2023,NSE,EQ,EQ,buy,FALSE,15,1062,1120547,1E+15,2023-06-01T10:04:11
CDSL,INE736A01011,6/1/2023,NSE,EQ,EQ,sell,FALSE,15,1066,1498434,1E+15,2023-06-01T10:35:44
RELAXO,INE131B01039,6/1/2023,NSE,EQ,EQ,buy,FALSE,2,900.849976,77417329,1.3E+15,2023-06-01T11:49:58
RELAXO,INE131B01039,6/1/2023,NSE,EQ,EQ,buy,FALSE,2,900.900024,77417330,1.3E+15,2023-06-01T11:49:58
RELAXO,INE131B01039,6/1/2023,NSE,EQ,EQ,buy,FALSE,1,900.950012,77417331,1.3E+15,2023-06-01T11:49:58
RELAXO,INE131B01039,6/1/2023,NSE,EQ,EQ,buy,FALSE,3,900.950012,77417332,1.3E+15,2023-06-01T11:49:58
PARAS,INE045601015,6/2/2023,BSE,EQ,A,buy,FALSE,10,534.799988,18368200,1.68568E+18,2023-06-02T09:37:09
CDSL,INE736A01011,6/2/2023,NSE,EQ,EQ,buy,FALSE,5,1082.75,1022418,1E+15,2023-06-02T10:00:33
IEX,INE022Q01020,6/2/2023,NSE,EQ,EQ,buy,FALSE,30,153.600006,26111626,1.1E+15,2023-06-02T10:01:54
COALINDIA,INE522F01014,6/2/2023,NSE,EQ,EQ,buy,FALSE,47,229.300003,1104739,1E+15,2023-06-02T10:05:52
COALINDIA,INE522F01014,6/2/2023,NSE,EQ,EQ,buy,FALSE,3,229.300003,1104740,1E+15,2023-06-02T10:05:52
SAREGAMA,INE979A01025,6/2/2023,NSE,EQ,EQ,buy,FALSE,15,315,76781497,1.3E+15,2023-06-02T10:49:47
BHARTIARTL,INE397D01024,6/2/2023,NSE,EQ,EQ,buy,FALSE,10,836.299988,2265886,1E+15,2023-06-02T12:04:07
SEPC,INE964H01014,6/6/2023,BSE,EQ,B,buy,FALSE,100,8.21,1330200,1.68602E+18,2023-06-06T10:10:44
POWERGRID,INE752E01010,6/7/2023,NSE,EQ,EQ,buy,FALSE,50,238.75,50667286,1.2E+15,2023-06-07T09:38:25
LAURUSLABS,INE947Q01028,6/7/2023,NSE,EQ,EQ,buy,FALSE,13,346.950012,51396207,1.2E+15,2023-06-07T10:28:39
LAURUSLABS,INE947Q01028,6/7/2023,NSE,EQ,EQ,buy,FALSE,2,346.899994,51396206,1.2E+15,2023-06-07T10:28:39
CDSL,INE736A01011,6/7/2023,NSE,EQ,EQ,buy,FALSE,10,1034.900024,1297548,1E+15,2023-06-07T10:32:45
HAPPSTMNDS,INE419U01012,6/7/2023,BSE,EQ,A,sell,FALSE,3,917.599976,104327800,1.68612E+18,2023-06-07T13:14:22
HAPPSTMNDS,INE419U01012,6/7/2023,BSE,EQ,A,sell,FALSE,2,917.650024,104327600,1.68612E+18,2023-06-07T13:14:22
COALINDIA,INE522F01014,6/7/2023,BSE,EQ,A,sell,FALSE,50,230.600006,1822700,1.68612E+18,2023-06-07T13:14:48
TATAMOTORS,INE155A01022,6/7/2023,NSE,EQ,EQ,buy,FALSE,10,569.5,79127330,1.3E+15,2023-06-07T13:15:35
RELAXO,INE131B01039,6/7/2023,NSE,EQ,EQ,sell,FALSE,10,902.150024,79137097,1.3E+15,2023-06-07T13:16:24
IEX,INE022Q01020,6/7/2023,BSE,EQ,A,buy,FALSE,20,148.550003,3948700,1.68612E+18,2023-06-07T13:21:50
BORORENEW,INE666D01022,6/7/2023,NSE,EQ,EQ,buy,FALSE,2,536.950012,2615618,1E+15,2023-06-07T13:22:47
BORORENEW,INE666D01022,6/7/2023,NSE,EQ,EQ,buy,FALSE,5,537.150024,2615619,1E+15,2023-06-07T13:22:47
BORORENEW,INE666D01022,6/7/2023,NSE,EQ,EQ,buy,FALSE,3,537.200012,2615620,1E+15,2023-06-07T13:22:47
TATASTEEL,INE081A01020,6/8/2023,BSE,EQ,A,buy,FALSE,50,112.5,1624000,1.6862E+18,2023-06-08T09:31:54
SAIL,INE114A01011,6/8/2023,NSE,EQ,EQ,buy,FALSE,10,85.699997,77408443,1.3E+15,2023-06-08T11:13:56
IEX,INE022Q01020,6/9/2023,BSE,EQ,A,buy,FALSE,50,118.75,3597200,1.68628E+18,2023-06-09T09:33:21
IEX,INE022Q01020,6/9/2023,BSE,EQ,A,sell,FALSE,50,123.150002,9133500,1.68628E+18,2023-06-09T10:14:09
SHEMAROO,INE363M01019,6/9/2023,BSE,EQ,B,sell,FALSE,28,149.199997,16130100,1.68629E+18,2023-06-09T10:29:58
SHEMAROO,INE363M01019,6/9/2023,BSE,EQ,B,sell,FALSE,2,149.600006,16129900,1.68629E+18,2023-06-09T10:29:58
HBLPOWER,INE292B01021,6/12/2023,NSE,EQ,EQ,buy,FALSE,50,142.350006,25612390,1.1E+15,2023-06-12T09:30:55
KPITTECH,INE04I401011,6/12/2023,NSE,EQ,EQ,buy,FALSE,2,1134.949951,51657177,1.2E+15,2023-06-12T10:56:54
BSE,INE118H01025,6/12/2023,NSE,EQ,EQ,buy,FALSE,5,568.75,1470460,1E+15,2023-06-12T11:15:24
BODALCHEM,INE338D01028,6/14/2023,NSE,EQ,EQ,buy,FALSE,4,77.150002,636773,1E+15,2023-06-14T09:42:36
BODALCHEM,INE338D01028,6/14/2023,NSE,EQ,EQ,buy,FALSE,41,76.699997,1067140,1E+15,2023-06-14T10:18:08
BODALCHEM,INE338D01028,6/14/2023,NSE,EQ,EQ,buy,FALSE,5,76.699997,1067139,1E+15,2023-06-14T10:18:08
BERGEPAINT,INE463A01038,6/14/2023,NSE,EQ,EQ,sell,FALSE,30,670.75,1303810,1E+15,2023-06-14T10:42:09
VIJAYA,INE043W01024,6/14/2023,BSE,EQ,A,sell,FALSE,10,402.149994,47833700,1.68672E+18,2023-06-14T10:43:36
VIJAYA,INE043W01024,6/14/2023,BSE,EQ,A,sell,FALSE,5,402.200012,47833500,1.68672E+18,2023-06-14T10:43:36
LAURUSLABS,INE947Q01028,6/14/2023,NSE,EQ,EQ,buy,FALSE,10,360.450012,53202802,1.2E+15,2023-06-14T13:23:50
BSE,INE118H01025,6/14/2023,NSE,EQ,EQ,buy,FALSE,1,567.549988,3064308,1E+15,2023-06-14T14:18:23
BSE,INE118H01025,6/14/2023,NSE,EQ,EQ,buy,FALSE,1,567.549988,3064309,1E+15,2023-06-14T14:18:23
BSE,INE118H01025,6/14/2023,NSE,EQ,EQ,buy,FALSE,13,567.549988,3064307,1E+15,2023-06-14T14:18:23
BORORENEW,INE666D01022,6/14/2023,BSE,EQ,A,buy,FALSE,10,538.599976,102484500,1.68673E+18,2023-06-14T14:46:22
LXCHEM,INE576O01020,6/14/2023,NSE,EQ,EQ,buy,FALSE,10,265.700012,54273666,1.2E+15,2023-06-14T15:05:32
BORORENEW,INE666D01022,6/19/2023,BSE,EQ,A,buy,FALSE,10,550.25,27524600,1.68715E+18,2023-06-19T09:50:37
BODALCHEM,INE338D01028,6/22/2023,BSE,EQ,B,buy,FALSE,50,76.099998,1742300,1.6874E+18,2023-06-22T10:55:28
JSWENERGY,INE121E01018,6/22/2023,NSE,EQ,EQ,buy,FALSE,8,282.399994,51827923,1.2E+15,2023-06-22T10:56:19
JSWENERGY,INE121E01018,6/22/2023,NSE,EQ,EQ,buy,FALSE,2,282.399994,51827922,1.2E+15,2023-06-22T10:56:19
SAREGAMA,INE979A01025,6/22/2023,NSE,EQ,EQ,sell,FALSE,60,407.649994,77414770,1.3E+15,2023-06-22T11:48:32
PRAJIND,INE074A01025,6/22/2023,NSE,EQ,EQ,sell,FALSE,70,387.600006,52439617,1.2E+15,2023-06-22T11:49:39
POWERGRID,INE752E01010,6/22/2023,NSE,EQ,EQ,sell,FALSE,50,255.449997,52444090,1.2E+15,2023-06-22T11:49:59
PARAS,INE045601015,6/22/2023,NSE,EQ,EQ,sell,FALSE,4,626,52445223,1.2E+15,2023-06-22T11:50:06
PARAS,INE045601015,6/22/2023,NSE,EQ,EQ,sell,FALSE,16,625.950012,52445224,1.2E+15,2023-06-22T11:50:06
JSWENERGY,INE121E01018,6/22/2023,NSE,EQ,EQ,buy,FALSE,10,278.600006,52540773,1.2E+15,2023-06-22T11:57:59
JSWENERGY,INE121E01018,6/22/2023,NSE,EQ,EQ,buy,FALSE,10,271.5,53637261,1.2E+15,2023-06-22T13:28:56
JSWENERGY,INE121E01018,6/22/2023,NSE,EQ,EQ,buy,FALSE,10,271.899994,53640652,1.2E+15,2023-06-22T13:29:08
ISEC,INE763G01038,6/26/2023,BSE,EQ,A,sell,FALSE,10,613.099976,1642900,1.68775E+18,2023-06-26T09:23:30
BODALCHEM,INE338D01028,6/26/2023,NSE,EQ,EQ,buy,FALSE,50,72.849998,1310514,1E+15,2023-06-26T10:23:17
AUBANK,INE949L01017,6/26/2023,NSE,EQ,EQ,buy,FALSE,9,745.400024,1938489,1E+15,2023-06-26T11:27:43
AUBANK,INE949L01017,6/26/2023,NSE,EQ,EQ,buy,FALSE,1,745.400024,1938488,1E+15,2023-06-26T11:27:43
TATAMOTORS,INE155A01022,6/28/2023,NSE,EQ,EQ,buy,FALSE,20,577.5,75995067,1.3E+15,2023-06-28T10:02:05
JSWENERGY,INE121E01018,6/28/2023,NSE,EQ,EQ,buy,FALSE,6,270.25,50858356,1.2E+15,2023-06-28T10:02:47
JSWENERGY,INE121E01018,6/28/2023,NSE,EQ,EQ,buy,FALSE,4,270.25,50858355,1.2E+15,2023-06-28T10:02:47
PRAJIND,INE074A01025,6/28/2023,NSE,EQ,EQ,buy,FALSE,26,380.450012,51269000,1.2E+15,2023-06-28T10:37:00
PRAJIND,INE074A01025,6/28/2023,NSE,EQ,EQ,buy,FALSE,3,380.450012,51269001,1.2E+15,2023-06-28T10:37:00
PRAJIND,INE074A01025,6/28/2023,NSE,EQ,EQ,buy,FALSE,19,380.450012,51269002,1.2E+15,2023-06-28T10:37:00
PRAJIND,INE074A01025,6/28/2023,NSE,EQ,EQ,buy,FALSE,2,380.450012,51268999,1.2E+15,2023-06-28T10:37:00
TATAMOTORS,INE155A01022,6/28/2023,NSE,EQ,EQ,sell,FALSE,20,586.5,76949366,1.3E+15,2023-06-28T11:16:06
BEL,INE263A01024,6/28/2023,NSE,EQ,EQ,sell,FALSE,10,118.800003,1875066,1E+15,2023-06-28T11:17:03
BEL,INE263A01024,6/28/2023,NSE,EQ,EQ,sell,FALSE,107,118.800003,1875069,1E+15,2023-06-28T11:17:03
BEL,INE263A01024,6/28/2023,NSE,EQ,EQ,sell,FALSE,5,118.800003,1875068,1E+15,2023-06-28T11:17:03
BEL,INE263A01024,6/28/2023,NSE,EQ,EQ,sell,FALSE,5,118.800003,1875067,1E+15,2023-06-28T11:17:03
BEL,INE263A01024,6/28/2023,NSE,EQ,EQ,sell,FALSE,23,118.800003,1875065,1E+15,2023-06-28T11:17:03
BEL,INE263A01024,6/28/2023,NSE,EQ,EQ,buy,FALSE,150,118.449997,2240349,1E+15,2023-06-28T11:53:03
IDFC,INE043D01016,6/30/2023,NSE,EQ,EQ,buy,FALSE,50,103.25,25688790,1.1E+15,2023-06-30T09:33:06
KPITTECH,INE04I401011,6/30/2023,NSE,EQ,EQ,buy,FALSE,1,1090.400024,53099938,1.2E+15,2023-06-30T12:19:56
KPITTECH,INE04I401011,6/30/2023,NSE,EQ,EQ,buy,FALSE,4,1090.400024,53099939,1.2E+15,2023-06-30T12:19:56
KPITTECH,INE04I401011,6/30/2023,NSE,EQ,EQ,buy,FALSE,2,1090.400024,53099940,1.2E+15,2023-06-30T12:19:56
KPITTECH,INE04I401011,6/30/2023,NSE,EQ,EQ,buy,FALSE,1,1090.400024,53099941,1.2E+15,2023-06-30T12:19:56
ZENSARTECH,INE520A01027,6/30/2023,NSE,EQ,EQ,buy,FALSE,20,387.5,78140875,1.3E+15,2023-06-30T12:22:08
AUBANK,INE949L01017,6/30/2023,BSE,EQ,A,sell,FALSE,1,755.25,68485600,1.68811E+18,2023-06-30T12:32:52
AUBANK,INE949L01017,6/30/2023,BSE,EQ,A,sell,FALSE,6,755.099976,68486100,1.68811E+18,2023-06-30T12:32:52
AUBANK,INE949L01017,6/30/2023,BSE,EQ,A,sell,FALSE,1,755.150024,68485800,1.68811E+18,2023-06-30T12:32:52
AUBANK,INE949L01017,6/30/2023,BSE,EQ,A,sell,FALSE,2,755.299988,68485400,1.68811E+18,2023-06-30T12:32:52
BHARTIARTL,INE397D01024,6/30/2023,NSE,EQ,EQ,sell,FALSE,10,872.599976,3013888,1E+15,2023-06-30T12:52:03
SEPC,INE964H01014,6/30/2023,BSE,EQ,B,buy,FALSE,200,9.29,3030500,1.6881E+18,2023-06-30T13:20:04
HINDALCO,INE038A01020,6/30/2023,BSE,EQ,A,buy,FALSE,10,420.25,5964500,1.68811E+18,2023-06-30T13:20:32
LXCHEM,INE576O01020,6/30/2023,BSE,EQ,A,buy,FALSE,20,262.25,78596900,1.68811E+18,2023-06-30T13:20:45
TATASTEEL,INE081A01020,6/30/2023,NSE,EQ,EQ,buy,FALSE,30,112.050003,78803323,1.3E+15,2023-06-30T13:21:45
BORORENEW,INE666D01022,6/30/2023,NSE,EQ,EQ,buy,FALSE,10,508.75,3338771,1E+15,2023-06-30T13:23:42
BSE,INE118H01025,7/3/2023,NSE,EQ,EQ,sell,FALSE,5,658.799988,3071177,1E+15,2023-07-03T13:24:31
BSE,INE118H01025,7/4/2023,NSE,EQ,EQ,sell,FALSE,8,667.150024,673910,1E+15,2023-07-04T09:37:18
BSE,INE118H01025,7/5/2023,NSE,EQ,EQ,sell,FALSE,6,678.849976,1263551,1E+15,2023-07-05T10:17:28
BSE,INE118H01025,7/5/2023,NSE,EQ,EQ,sell,FALSE,1,679,1263550,1E+15,2023-07-05T10:17:28
AEGISCHEM,INE208C01025,7/6/2023,NSE,EQ,EQ,buy,FALSE,15,344.950012,4557573,1E+15,2023-07-06T15:11:19
JSWENERGY,INE121E01018,7/7/2023,BSE,EQ,A,sell,FALSE,6,308.100006,52242900,1.68871E+18,2023-07-07T11:18:57
LAURUSLABS,INE947Q01028,7/7/2023,NSE,EQ,EQ,sell,FALSE,60,364.5,43613369,1.2E+15,2023-07-07T13:06:14
ZENSARTECH,INE520A01027,7/7/2023,NSE,EQ,EQ,sell,FALSE,20,387.799988,63818159,1.3E+15,2023-07-07T13:06:22
TATAMOTORS,INE155A01022,7/7/2023,BSE,EQ,A,sell,FALSE,10,593.450012,6488500,1.68871E+18,2023-07-07T13:06:30
RBLBANK,INE976G01028,7/10/2023,NSE,EQ,EQ,buy,FALSE,30,185.699997,61068713,1.3E+15,2023-07-10T09:48:14
PASUPTAC,INE818B01023,7/10/2023,NSE,EQ,EQ,buy,FALSE,150,32.950001,41004069,1.2E+15,2023-07-10T09:49:40
PASUPTAC,INE818B01023,7/11/2023,BSE,EQ,B,sell,FALSE,77,33.759998,503000,1.68905E+18,2023-07-11T09:20:08
PASUPTAC,INE818B01023,7/11/2023,BSE,EQ,B,sell,FALSE,2,33.75,503200,1.68905E+18,2023-07-11T09:20:08
PASUPTAC,INE818B01023,7/11/2023,BSE,EQ,B,sell,FALSE,71,33.610001,503400,1.68905E+18,2023-07-11T09:20:08
KOLTEPATIL,INE094I01018,7/11/2023,NSE,EQ,EQ,buy,FALSE,10,384.399994,40320348,1.2E+15,2023-07-11T09:21:52
LXCHEM,INE576O01020,7/11/2023,BSE,EQ,A,sell,FALSE,7,254.199997,42924400,1.68905E+18,2023-07-11T10:57:48
LXCHEM,INE576O01020,7/11/2023,BSE,EQ,A,sell,FALSE,173,254.149994,42925200,1.68905E+18,2023-07-11T10:57:48
IEX,INE022Q01020,7/11/2023,BSE,EQ,A,sell,FALSE,301,124.900002,2339700,1.68905E+18,2023-07-11T10:57:56
IEX,INE022Q01020,7/11/2023,BSE,EQ,A,sell,FALSE,249,124.849998,2340200,1.68905E+18,2023-07-11T10:57:56
HINDALCO,INE038A01020,7/11/2023,NSE,EQ,EQ,sell,FALSE,50,426.799988,22013639,1.1E+15,2023-07-11T10:58:12
KPITTECH,INE04I401011,7/11/2023,BSE,EQ,A,sell,FALSE,10,1048.349976,44408000,1.68905E+18,2023-07-11T11:03:20
TCS,INE467B01029,7/11/2023,BSE,EQ,A,sell,FALSE,5,3280.75,1963700,1.68905E+18,2023-07-11T11:04:12
LICI,INE0J1Y01017,7/11/2023,BSE,EQ,A,sell,FALSE,6,624,4561600,1.68905E+18,2023-07-11T11:04:36
LICI,INE0J1Y01017,7/11/2023,BSE,EQ,A,sell,FALSE,14,623.900024,4561900,1.68905E+18,2023-07-11T11:04:36
NAZARA,INE418L01021,7/12/2023,BSE,EQ,A,sell,FALSE,30,661.450012,17990200,1.68913E+18,2023-07-12T09:33:46
NAZARA,INE418L01021,7/12/2023,BSE,EQ,A,sell,FALSE,9,662,17989600,1.68913E+18,2023-07-12T09:33:46
NAZARA,INE418L01021,7/12/2023,BSE,EQ,A,sell,FALSE,1,661.549988,17989800,1.68913E+18,2023-07-12T09:33:46
NAZARA,INE418L01021,7/12/2023,BSE,EQ,A,sell,FALSE,10,661.5,17990000,1.68913E+18,2023-07-12T09:33:46
TATAPOWER,INE245A01021,7/12/2023,NSE,EQ,EQ,buy,FALSE,10,226,61508350,1.3E+15,2023-07-12T10:15:54
TATAPOWER,INE245A01021,7/12/2023,NSE,EQ,EQ,buy,FALSE,20,225.949997,61508349,1.3E+15,2023-07-12T10:15:54
SAIL,INE114A01011,7/12/2023,BSE,EQ,A,sell,FALSE,60,89.800003,828800,1.68913E+18,2023-07-12T10:19:25
RBLBANK,INE976G01028,7/12/2023,BSE,EQ,A,sell,FALSE,30,196.399994,2483900,1.68913E+18,2023-07-12T10:20:13
SEPC,INE964H01014,7/12/2023,BSE,EQ,B,sell,FALSE,700,10.95,945200,1.68913E+18,2023-07-12T10:21:30
KOLTEPATIL,INE094I01018,7/12/2023,NSE,EQ,EQ,sell,FALSE,4,385.850006,43267122,1.2E+15,2023-07-12T12:08:36
KOLTEPATIL,INE094I01018,7/12/2023,NSE,EQ,EQ,sell,FALSE,2,385.75,43267124,1.2E+15,2023-07-12T12:08:36
KOLTEPATIL,INE094I01018,7/12/2023,NSE,EQ,EQ,sell,FALSE,4,385.799988,43267123,1.2E+15,2023-07-12T12:08:36
IRCTC,INE335Y01020,7/13/2023,NSE,EQ,EQ,buy,FALSE,10,617.799988,26254732,1.1E+15,2023-07-13T15:13:04
RECLTD,INE020B01018,7/14/2023,BSE,EQ,A,buy,FALSE,20,160.5,13584100,1.68933E+18,2023-07-14T15:09:33
NATIONALUM,INE139A01034,7/17/2023,NSE,EQ,EQ,buy,FALSE,40,92.050003,41676946,1.2E+15,2023-07-17T10:24:45
AEGISLOG,INE208C01025,7/17/2023,BSE,EQ,A,sell,FALSE,14,353.25,1982700,1.68956E+18,2023-07-17T10:34:25
AEGISLOG,INE208C01025,7/17/2023,BSE,EQ,A,sell,FALSE,1,353.299988,1982400,1.68956E+18,2023-07-17T10:34:25
MARKSANS,INE750C01026,7/17/2023,NSE,EQ,EQ,buy,FALSE,50,106.599998,42481018,1.2E+15,2023-07-17T11:24:32
JSWENERGY,INE121E01018,7/17/2023,NSE,EQ,EQ,sell,FALSE,13,294.399994,44406417,1.2E+15,2023-07-17T14:20:53
JSWENERGY,INE121E01018,7/17/2023,NSE,EQ,EQ,sell,FALSE,31,294.350006,44406418,1.2E+15,2023-07-17T14:20:53
NATIONALUM,INE139A01034,7/17/2023,NSE,EQ,EQ,sell,FALSE,40,93.099998,45356079,1.2E+15,2023-07-17T15:20:57
MAPMYINDIA,INE0BV301023,7/18/2023,NSE,EQ,EQ,sell,FALSE,5,1465.050049,40394551,1.2E+15,2023-07-18T09:25:09
INDUSINDBK,INE095A01012,7/18/2023,NSE,EQ,EQ,buy,FALSE,10,1392.5,24434048,1.1E+15,2023-07-18T13:15:16
INFY,INE009A01021,7/19/2023,NSE,EQ,EQ,buy,FALSE,10,1492.699951,20184379,1.1E+15,2023-07-19T09:17:42
BSOFT,INE836A01035,7/19/2023,NSE,EQ,EQ,buy,FALSE,15,396.049988,2217680,1E+15,2023-07-19T12:33:56
INDUSINDBK,INE095A01012,7/19/2023,BSE,EQ,A,sell,FALSE,10,1421.75,4728300,1.68975E+18,2023-07-19T12:35:50
RECLTD,INE020B01018,7/19/2023,NSE,EQ,EQ,sell,FALSE,20,162.100006,64919481,1.3E+15,2023-07-19T14:42:16
RELINFRA,INE036A01016,7/20/2023,NSE,EQ,EQ,buy,FALSE,30,163.399994,65345481,1.3E+15,2023-07-20T15:05:11
MARKSANS,INE750C01026,7/21/2023,BSE,EQ,A,sell,FALSE,50,109.529999,12393500,1.68991E+18,2023-07-21T09:23:12
INFY,INE009A01021,7/21/2023,NSE,EQ,EQ,sell,FALSE,10,1339,21286147,1.1E+15,2023-07-21T09:45:20
INFY,INE009A01021,7/21/2023,NSE,EQ,EQ,buy,FALSE,10,1341.099976,21302872,1.1E+15,2023-07-21T09:46:03
CDSL,INE736A01011,7/21/2023,NSE,EQ,EQ,buy,FALSE,5,1194.199951,720338,1E+15,2023-07-21T09:48:46
BORORENEW,INE666D01022,7/21/2023,BSE,EQ,A,buy,FALSE,10,502.450012,31073100,1.68991E+18,2023-07-21T09:49:04
HFCL,INE548A01028,7/21/2023,NSE,EQ,EQ,buy,FALSE,25,65.050003,21392805,1.1E+15,2023-07-21T09:49:56
INFY,INE009A01021,7/21/2023,NSE,EQ,EQ,buy,FALSE,10,1349.650024,21541066,1.1E+15,2023-07-21T09:55:44
BANKBARODA,INE028A01039,7/21/2023,NSE,EQ,EQ,buy,FALSE,25,200.350006,1524839,1E+15,2023-07-21T11:06:43
CDSL,INE736A01011,7/21/2023,NSE,EQ,EQ,buy,FALSE,2,1186.699951,1768610,1E+15,2023-07-21T11:27:44
CDSL,INE736A01011,7/21/2023,NSE,EQ,EQ,buy,FALSE,3,1186.699951,1768611,1E+15,2023-07-21T11:27:44
DISHTV,INE836F01026,7/21/2023,NSE,EQ,EQ,buy,FALSE,150,19.25,23161813,1.1E+15,2023-07-21T11:28:46
TATAMOTORS,INE155A01022,7/21/2023,NSE,EQ,EQ,buy,FALSE,10,628.599976,63832673,1.3E+15,2023-07-21T12:25:16
IDFC,INE043D01016,7/24/2023,NSE,EQ,EQ,sell,FALSE,50,114.900002,22635179,1.1E+15,2023-07-24T11:07:55
GMRINFRA,INE776C01039,7/25/2023,NSE,EQ,EQ,buy,FALSE,500,46.900002,21221737,1.1E+15,2023-07-25T09:54:22
GMRINFRA,INE776C01039,7/25/2023,NSE,EQ,EQ,sell,FALSE,500,47.700001,23046359,1.1E+15,2023-07-25T11:45:40
IMAGICAA,INE172N01012,7/25/2023,NSE,EQ,EQ,buy,FALSE,75,56.400002,24253261,1.1E+15,2023-07-25T13:12:10
IMAGICAA,INE172N01012,7/25/2023,NSE,EQ,EQ,buy,FALSE,70,56.450001,24253263,1.1E+15,2023-07-25T13:12:10
IMAGICAA,INE172N01012,7/25/2023,NSE,EQ,EQ,buy,FALSE,32,56.400002,24253262,1.1E+15,2023-07-25T13:12:10
IMAGICAA,INE172N01012,7/25/2023,NSE,EQ,EQ,buy,FALSE,78,56.450001,24253265,1.1E+15,2023-07-25T13:12:10
IMAGICAA,INE172N01012,7/25/2023,NSE,EQ,EQ,buy,FALSE,50,56.450001,24253266,1.1E+15,2023-07-25T13:12:10
IMAGICAA,INE172N01012,7/25/2023,NSE,EQ,EQ,buy,FALSE,75,56.450001,24253264,1.1E+15,2023-07-25T13:12:10
IMAGICAA,INE172N01012,7/25/2023,NSE,EQ,EQ,buy,FALSE,70,56.400002,24253260,1.1E+15,2023-07-25T13:12:10
IMAGICAA,INE172N01012,7/25/2023,NSE,EQ,EQ,sell,FALSE,157,56.400002,25262130,1.1E+15,2023-07-25T14:13:48
IMAGICAA,INE172N01012,7/25/2023,NSE,EQ,EQ,sell,FALSE,293,56.400002,25262129,1.1E+15,2023-07-25T14:13:48
BHEL,INE257A01026,7/26/2023,BSE,EQ,A,buy,FALSE,4,98.709999,875600,1.69034E+18,2023-07-26T09:24:02
BHEL,INE257A01026,7/26/2023,BSE,EQ,A,buy,FALSE,46,98.720001,875800,1.69034E+18,2023-07-26T09:24:02
BODALCHEM,INE338D01028,7/26/2023,BSE,EQ,B,buy,FALSE,50,69.650002,1159100,1.69034E+18,2023-07-26T09:45:26
TATAPOWER,INE245A01021,7/26/2023,NSE,EQ,EQ,buy,FALSE,25,222,61316406,1.3E+15,2023-07-26T09:51:24
NATIONALUM,INE139A01034,7/26/2023,NSE,EQ,EQ,buy,FALSE,55,95.25,41921354,1.2E+15,2023-07-26T10:49:33
BHEL,INE257A01026,7/26/2023,BSE,EQ,A,sell,FALSE,50,100.239998,3530200,1.69034E+18,2023-07-26T11:01:53
IRCTC,INE335Y01020,7/27/2023,NSE,EQ,EQ,sell,FALSE,10,621.25,24064253,1.1E+15,2023-07-27T13:20:02
GMRINFRA,INE776C01039,7/28/2023,NSE,EQ,EQ,buy,FALSE,100,50,22079545,1.1E+15,2023-07-28T10:48:33
WOCKPHARMA,INE049B01025,7/31/2023,NSE,EQ,EQ,buy,FALSE,25,241.350006,60841760,1.3E+15,2023-07-31T09:33:07
PEL,INE140A01024,7/31/2023,NSE,EQ,EQ,buy,FALSE,5,1009.200012,40878831,1.2E+15,2023-07-31T09:34:04
DISHTV,INE836F01026,7/31/2023,BSE,EQ,A,buy,FALSE,50,17.35,28376900,1.69078E+18,2023-07-31T09:44:06
RELINFRA,INE036A01016,7/31/2023,NSE,EQ,EQ,sell,FALSE,6,186.25,61856280,1.3E+15,2023-07-31T10:17:00
INFY,INE009A01021,7/31/2023,NSE,EQ,EQ,buy,FALSE,10,1345,21886144,1.1E+15,2023-07-31T10:18:39
ADANIPOWER,INE814H01011,7/31/2023,NSE,EQ,EQ,buy,FALSE,25,269.299988,3453377,1E+15,2023-07-31T13:21:11
PARADEEP,INE088F01024,8/1/2023,NSE,EQ,EQ,sell,FALSE,30,67.099998,41194998,1.2E+15,2023-08-01T09:51:04
TIPSINDLTD,INE716B01029,8/1/2023,NSE,EQ,EQ,buy,FALSE,34,290,61313253,1.3E+15,2023-08-01T09:54:18
TIPSINDLTD,INE716B01029,8/1/2023,NSE,EQ,EQ,buy,FALSE,1,289.950012,61313252,1.3E+15,2023-08-01T09:54:18
BSE,INE118H01025,8/1/2023,NSE,EQ,EQ,sell,FALSE,15,832.700012,1556687,1E+15,2023-08-01T10:36:04
BSOFT,INE836A01035,8/1/2023,NSE,EQ,EQ,sell,FALSE,15,430.700012,1675499,1E+15,2023-08-01T10:44:55
TATAPOWER,INE245A01021,8/1/2023,BSE,EQ,A,sell,FALSE,20,242,4166400,1.69087E+18,2023-08-01T10:46:33
RELINFRA,INE036A01016,8/1/2023,BSE,EQ,A,sell,FALSE,24,184.100006,57875500,1.69087E+18,2023-08-01T10:47:27
BHEL,INE257A01026,8/1/2023,BSE,EQ,A,sell,FALSE,25,105.599998,4110100,1.69087E+18,2023-08-01T11:29:04
WOCKPHARMA,INE049B01025,8/1/2023,BSE,EQ,A,buy,FALSE,10,239.050003,2763600,1.69087E+18,2023-08-01T11:57:54
HBLPOWER,INE292B01021,8/2/2023,NSE,EQ,EQ,sell,FALSE,19,196.800003,20820306,1.1E+15,2023-08-02T09:32:57
HBLPOWER,INE292B01021,8/2/2023,NSE,EQ,EQ,sell,FALSE,1,196.850006,20820305,1.1E+15,2023-08-02T09:32:57
IRCTC,INE335Y01020,8/2/2023,NSE,EQ,EQ,buy,FALSE,15,641.25,21211829,1.1E+15,2023-08-02T09:45:55
ITC,INE154A01025,8/2/2023,NSE,EQ,EQ,buy,FALSE,15,459.899994,22126609,1.1E+15,2023-08-02T10:27:53
DISHTV,INE836F01026,8/2/2023,BSE,EQ,A,buy,FALSE,100,18.33,45229400,1.69095E+18,2023-08-02T10:34:48
BEL,INE263A01024,8/2/2023,NSE,EQ,EQ,sell,FALSE,30,127.400002,2414238,1E+15,2023-08-02T11:35:17
IRCTC,INE335Y01020,8/2/2023,NSE,EQ,EQ,buy,FALSE,5,638.349976,23691832,1.1E+15,2023-08-02T11:51:50
PRAJIND,INE074A01025,8/2/2023,NSE,EQ,EQ,sell,FALSE,5,423.049988,43157087,1.2E+15,2023-08-02T11:56:45
BSE,INE118H01025,8/2/2023,NSE,EQ,EQ,buy,FALSE,15,825.400024,4862084,1E+15,2023-08-02T14:33:54
WOCKPHARMA,INE049B01025,8/2/2023,NSE,EQ,EQ,buy,FALSE,15,247.800003,67083021,1.3E+15,2023-08-02T15:05:17
SAREGAMA,INE979A01025,8/2/2023,NSE,EQ,BE,buy,FALSE,38,399,67208014,1.3E+15,2023-08-02T15:09:24
SAREGAMA,INE979A01025,8/2/2023,NSE,EQ,BE,buy,FALSE,12,399,67208013,1.3E+15,2023-08-02T15:09:24
GREENPOWER,INE999K01014,8/3/2023,NSE,EQ,EQ,buy,FALSE,400,15.2,22348965,1.1E+15,2023-08-03T11:00:48
IMAGICAA,INE172N01012,8/7/2023,NSE,EQ,EQ,buy,FALSE,45,60.950001,21154860,1.1E+15,2023-08-07T09:47:39
IMAGICAA,INE172N01012,8/7/2023,NSE,EQ,EQ,buy,FALSE,11,60.950001,21154859,1.1E+15,2023-08-07T09:47:39
IMAGICAA,INE172N01012,8/7/2023,NSE,EQ,EQ,buy,FALSE,26,60.950001,21154858,1.1E+15,2023-08-07T09:47:39
SBIN,INE062A01020,8/7/2023,NSE,EQ,EQ,buy,FALSE,10,570.849976,61419038,1.3E+15,2023-08-07T09:50:40
INDOBORAX,INE803D01021,8/9/2023,NSE,EQ,EQ,buy,FALSE,19,185.899994,20709874,1.1E+15,2023-08-09T09:30:57
INDOBORAX,INE803D01021,8/9/2023,NSE,EQ,EQ,buy,FALSE,11,185.949997,20709875,1.1E+15,2023-08-09T09:30:57
SAREGAMA,INE979A01025,8/9/2023,NSE,EQ,BE,buy,FALSE,10,384,64628356,1.3E+15,2023-08-09T13:39:43
INDOBORAX,INE803D01021,8/14/2023,NSE,EQ,EQ,sell,FALSE,30,172,20256336,1.1E+15,2023-08-14T09:18:12
CDSL,INE736A01011,8/14/2023,NSE,EQ,EQ,buy,FALSE,7,1171.25,1043076,1E+15,2023-08-14T09:40:02
CDSL,INE736A01011,8/14/2023,NSE,EQ,EQ,buy,FALSE,3,1171,1043075,1E+15,2023-08-14T09:40:02
SAREGAMA,INE979A01025,8/14/2023,NSE,EQ,EQ,buy,FALSE,10,385.299988,61548908,1.3E+15,2023-08-14T09:48:54
TATAMOTORS,INE155A01022,8/14/2023,NSE,EQ,EQ,buy,FALSE,10,597.299988,61556702,1.3E+15,2023-08-14T09:49:10
SBIN,INE062A01020,8/14/2023,BSE,EQ,A,buy,FALSE,5,563.5,2042000,1.69198E+18,2023-08-14T09:49:45
ADANIPOWER,INE814H01011,8/18/2023,NSE,EQ,EQ,sell,FALSE,4,312.399994,3354868,1E+15,2023-08-18T12:11:59
ZOMATO,INE758T01015,8/18/2023,NSE,EQ,EQ,buy,FALSE,60,89.650002,65419792,1.3E+15,2023-08-18T14:38:56
BIRLACABLE,INE800A01015,8/22/2023,BSE,EQ,B,buy,FALSE,20,272.850006,12014600,1.69268E+18,2023-08-22T09:49:30
SAIL,INE114A01011,8/23/2023,NSE,EQ,EQ,buy,FALSE,100,87.099998,60901853,1.3E+15,2023-08-23T09:38:05
SCI,INE109A01011,8/23/2023,NSE,EQ,EQ,buy,FALSE,100,127.449997,61059891,1.3E+15,2023-08-23T09:44:28
HINDALCO,INE038A01020,8/23/2023,NSE,EQ,EQ,buy,FALSE,11,460.200012,21157952,1.1E+15,2023-08-23T09:52:03
IRCTC,INE335Y01020,8/23/2023,NSE,EQ,EQ,buy,FALSE,8,656,21274196,1.1E+15,2023-08-23T09:56:42
GMRINFRA,INE776C01039,8/23/2023,BSE,EQ,A,sell,FALSE,15,59.860001,3315800,1.69277E+18,2023-08-23T12:11:10
GMRINFRA,INE776C01039,8/24/2023,BSE,EQ,A,sell,FALSE,85,64.349998,4300800,1.69285E+18,2023-08-24T11:21:37
BIRLACABLE,INE800A01015,8/24/2023,NSE,EQ,EQ,sell,FALSE,20,298.549988,2204566,1E+15,2023-08-24T11:22:29
HBLPOWER,INE292B01021,8/24/2023,BSE,EQ,A,sell,FALSE,2,287.149994,71372200,1.69286E+18,2023-08-24T11:23:33
HBLPOWER,INE292B01021,8/24/2023,BSE,EQ,A,sell,FALSE,13,287.100006,71372400,1.69286E+18,2023-08-24T11:23:33
GMRINFRA,INE776C01039,8/24/2023,BSE,EQ,A,buy,FALSE,85,64.5,4413300,1.69285E+18,2023-08-24T11:27:57
TIPSINDLTD,INE716B01029,8/28/2023,NSE,EQ,EQ,sell,FALSE,6,327.899994,62033707,1.3E+15,2023-08-28T10:38:53
TIPSINDLTD,INE716B01029,8/28/2023,NSE,EQ,EQ,sell,FALSE,8,327.899994,62033705,1.3E+15,2023-08-28T10:38:53
TIPSINDLTD,INE716B01029,8/28/2023,NSE,EQ,EQ,sell,FALSE,9,327.899994,62033706,1.3E+15,2023-08-28T10:38:53
TIPSINDLTD,INE716B01029,8/28/2023,NSE,EQ,EQ,sell,FALSE,12,327.950012,62033704,1.3E+15,2023-08-28T10:38:53
GREEN-RE,INE999K20014,8/28/2023,NSE,EQ,BE,sell,FALSE,122,2.7,22052040,1.1E+15,2023-08-28T10:41:53
BPCL,INE029A01011,8/29/2023,BSE,EQ,A,buy,FALSE,15,358.25,5587400,1.69329E+18,2023-08-29T13:28:45
SAIL,INE114A01011,8/30/2023,NSE,EQ,EQ,sell,FALSE,100,89.050003,60235010,1.3E+15,2023-08-30T09:18:23
PARAGMILK,INE883N01014,8/30/2023,NSE,EQ,EQ,buy,FALSE,25,202.399994,40304608,1.2E+15,2023-08-30T09:20:57
IMAGICAA,INE172N01012,8/30/2023,BSE,EQ,B,buy,FALSE,2,56.93,197400,1.69337E+18,2023-08-30T09:21:45
IMAGICAA,INE172N01012,8/30/2023,BSE,EQ,B,buy,FALSE,16,56.950001,197600,1.69337E+18,2023-08-30T09:21:45
TEXRAIL,INE621L01012,8/30/2023,NSE,EQ,EQ,buy,FALSE,50,138.199997,62953686,1.3E+15,2023-08-30T11:15:35
DLF,INE271C01023,8/30/2023,NSE,EQ,EQ,buy,FALSE,10,500.850006,23136133,1.1E+15,2023-08-30T11:51:19
ADANIPOWER,INE814H01011,8/31/2023,BSE,EQ,A,sell,FALSE,21,319,26212200,1.69345E+18,2023-08-31T09:34:02
MAPMYINDIA,INE0BV301023,8/31/2023,BSE,EQ,A,sell,FALSE,5,1727.5,30004700,1.69345E+18,2023-08-31T09:38:48
JIOFIN,INE758E01017,8/31/2023,BSE,EQ,T,buy,FALSE,20,244.199997,4181700,1.69345E+18,2023-08-31T09:46:58
GEOJITFSL,INE007B01023,8/31/2023,NSE,EQ,EQ,buy,FALSE,21,56.75,25524169,1.1E+15,2023-08-31T14:45:54
GEOJITFSL,INE007B01023,8/31/2023,NSE,EQ,EQ,buy,FALSE,67,56.75,25524170,1.1E+15,2023-08-31T14:45:54
BSE,INE118H01025,9/1/2023,NSE,EQ,EQ,sell,FALSE,19,1066.300049,23966,1E+15,2023-09-01T09:07:35
BSE,INE118H01025,9/1/2023,NSE,EQ,EQ,sell,FALSE,21,1066.300049,23964,1E+15,2023-09-01T09:07:35
BSE,INE118H01025,9/1/2023,NSE,EQ,EQ,sell,FALSE,10,1066.300049,23965,1E+15,2023-09-01T09:07:35
BSE,INE118H01025,9/1/2023,NSE,EQ,EQ,buy,FALSE,4,1063.550049,671832,1E+15,2023-09-01T09:31:30
BSE,INE118H01025,9/1/2023,NSE,EQ,EQ,buy,FALSE,25,1064.25,671834,1E+15,2023-09-01T09:31:30
BSE,INE118H01025,9/1/2023,NSE,EQ,EQ,buy,FALSE,21,1064,671833,1E+15,2023-09-01T09:31:30
BSE,INE118H01025,9/1/2023,NSE,EQ,EQ,sell,FALSE,17,1070.599976,702932,1E+15,2023-09-01T09:32:42
BSE,INE118H01025,9/1/2023,NSE,EQ,EQ,sell,FALSE,23,1070.599976,702930,1E+15,2023-09-01T09:32:42
BSE,INE118H01025,9/1/2023,NSE,EQ,EQ,sell,FALSE,10,1070.599976,702931,1E+15,2023-09-01T09:32:42
BSE,INE118H01025,9/1/2023,NSE,EQ,EQ,buy,FALSE,50,1064.800049,735980,1E+15,2023-09-01T09:33:52
BSE,INE118H01025,9/1/2023,NSE,EQ,EQ,sell,FALSE,50,1070.25,855988,1E+15,2023-09-01T09:38:41
BSE,INE118H01025,9/1/2023,NSE,EQ,EQ,buy,FALSE,27,1068.650024,906281,1E+15,2023-09-01T09:40:38
BSE,INE118H01025,9/1/2023,NSE,EQ,EQ,buy,FALSE,23,1068.599976,906280,1E+15,2023-09-01T09:40:38
BSE,INE118H01025,9/1/2023,NSE,EQ,EQ,sell,FALSE,10,1076.400024,1208664,1E+15,2023-09-01T09:55:05
BSE,INE118H01025,9/1/2023,NSE,EQ,EQ,sell,FALSE,40,1076.5,1208663,1E+15,2023-09-01T09:55:05
BSE,INE118H01025,9/1/2023,NSE,EQ,EQ,buy,FALSE,1,1076,1266012,1E+15,2023-09-01T09:58:10
BSE,INE118H01025,9/1/2023,NSE,EQ,EQ,buy,FALSE,49,1076,1266011,1E+15,2023-09-01T09:58:10
ZOMATO,INE758T01015,9/1/2023,BSE,EQ,A,sell,FALSE,60,97.25,53601400,1.69354E+18,2023-09-01T10:30:18
DLF,INE271C01023,9/1/2023,NSE,EQ,EQ,sell,FALSE,8,506.700012,22022502,1.1E+15,2023-09-01T10:31:16
DLF,INE271C01023,9/1/2023,NSE,EQ,EQ,sell,FALSE,2,506.75,22022501,1.1E+15,2023-09-01T10:31:16
BSE,INE118H01025,9/1/2023,NSE,EQ,EQ,sell,FALSE,20,1116.400024,2453729,1E+15,2023-09-01T11:17:25
SCI,INE109A01011,9/1/2023,NSE,EQ,EQ,sell,FALSE,50,129.75,65577794,1.3E+15,2023-09-01T14:10:39
INFY,INE009A01021,9/4/2023,NSE,EQ,EQ,sell,FALSE,30,1437.699951,22313175,1.1E+15,2023-09-04T10:20:04
TEJASNET,INE010J01012,9/4/2023,NSE,EQ,EQ,buy,FALSE,1,896.049988,62896429,1.3E+15,2023-09-04T10:38:57
ENERGYDEV,INE306C01019,9/4/2023,NSE,EQ,EQ,buy,FALSE,150,20.1,24809906,1.1E+15,2023-09-04T12:52:56
BSE,INE118H01025,9/4/2023,NSE,EQ,EQ,sell,FALSE,15,1178.349976,4469292,1E+15,2023-09-04T14:00:11
BODALCHEM,INE338D01028,9/5/2023,BSE,EQ,B,sell,FALSE,100,86.300003,1665800,1.69388E+18,2023-09-05T09:40:15
BODALCHEM,INE338D01028,9/5/2023,BSE,EQ,B,sell,FALSE,89,85.93,1822600,1.69388E+18,2023-09-05T09:44:45
BODALCHEM,INE338D01028,9/5/2023,BSE,EQ,B,sell,FALSE,11,86,1822300,1.69388E+18,2023-09-05T09:44:45
HFCL,INE548A01028,9/5/2023,BSE,EQ,A,sell,FALSE,35,74.620003,45974500,1.69389E+18,2023-09-05T10:00:13
ENERGYDEV,INE306C01019,9/5/2023,NSE,EQ,EQ,sell,FALSE,150,21.299999,21901012,1.1E+15,2023-09-05T10:01:17
PARADEEP,INE088F01024,9/5/2023,NSE,EQ,EQ,sell,FALSE,40,72.550003,42882986,1.2E+15,2023-09-05T11:14:24
NATIONALUM,INE139A01034,9/5/2023,NSE,EQ,EQ,sell,FALSE,55,101.150002,44261019,1.2E+15,2023-09-05T12:44:22
HINDALCO,INE038A01020,9/5/2023,NSE,EQ,EQ,sell,FALSE,11,481.700012,24926566,1.1E+15,2023-09-05T12:44:42
TEXRAIL,INE621L01012,9/5/2023,NSE,EQ,EQ,sell,FALSE,50,156.300003,64598206,1.3E+15,2023-09-05T12:44:56
TATASTEEL,INE081A01020,9/5/2023,NSE,EQ,EQ,sell,FALSE,20,129,64617689,1.3E+15,2023-09-05T12:45:48
PRAJIND,INE074A01025,9/5/2023,BSE,EQ,A,sell,FALSE,10,534.049988,113865300,1.6939E+18,2023-09-05T12:49:34
IEX,INE022Q01020,9/5/2023,NSE,EQ,EQ,buy,FALSE,40,138.449997,27622513,1.1E+15,2023-09-05T15:13:17
ITC,INE154A01025,9/6/2023,NSE,EQ,EQ,buy,FALSE,8,444.700012,23657314,1.1E+15,2023-09-06T11:53:21
ITBEES,INF204KB15V2,9/8/2023,NSE,EQ,EQ,buy,FALSE,500,34.150002,41280623,1.2E+15,2023-09-08T09:51:18
BEL,INE263A01024,9/8/2023,BSE,EQ,A,buy,FALSE,30,144,2508700,1.69414E+18,2023-09-08T10:15:24
BHEL,INE257A01026,9/8/2023,BSE,EQ,A,buy,FALSE,75,141.600006,2918200,1.69415E+18,2023-09-08T11:06:28
GAIL,INE129A01019,9/8/2023,BSE,EQ,A,buy,FALSE,50,128.699997,3636900,1.69414E+18,2023-09-08T11:32:27
ASTRAL,INE006I01046,9/8/2023,NSE,EQ,EQ,buy,FALSE,5,1909,2930134,1E+15,2023-09-08T12:15:03
CAMPUS,INE278Y01022,9/8/2023,NSE,EQ,EQ,buy,FALSE,5,305.950012,2938076,1E+15,2023-09-08T12:15:49
CAMPUS,INE278Y01022,9/8/2023,NSE,EQ,EQ,buy,FALSE,10,305.950012,2938077,1E+15,2023-09-08T12:15:49
IEX,INE022Q01020,9/11/2023,BSE,EQ,A,sell,FALSE,40,140.199997,2568400,1.6944E+18,2023-09-11T09:52:45
CAMPUS,INE278Y01022,9/11/2023,NSE,EQ,EQ,sell,FALSE,15,314.399994,1257500,1E+15,2023-09-11T09:55:07
ADANIPORTS,INE742F01042,9/11/2023,NSE,EQ,EQ,buy,FALSE,1,858.400024,2329260,1E+15,2023-09-11T11:00:51
ADANIPORTS,INE742F01042,9/11/2023,NSE,EQ,EQ,buy,FALSE,9,858.450012,2329261,1E+15,2023-09-11T11:00:51
CDSL,INE736A01011,9/12/2023,NSE,EQ,EQ,sell,FALSE,15,1366.050049,706305,1E+15,2023-09-12T09:32:42
CDSL,INE736A01011,9/12/2023,NSE,EQ,EQ,buy,FALSE,9,1374.900024,795800,1E+15,2023-09-12T09:35:35
CDSL,INE736A01011,9/12/2023,NSE,EQ,EQ,buy,FALSE,5,1374.949951,795802,1E+15,2023-09-12T09:35:35
CDSL,INE736A01011,9/12/2023,NSE,EQ,EQ,buy,FALSE,1,1374.949951,795801,1E+15,2023-09-12T09:35:35
CDSL,INE736A01011,9/12/2023,NSE,EQ,EQ,sell,FALSE,165,1354.300049,935181,1E+15,2023-09-12T09:39:06
CDSL,INE736A01011,9/12/2023,NSE,EQ,EQ,sell,FALSE,35,1354.300049,935180,1E+15,2023-09-12T09:39:06
CDSL,INE736A01011,9/12/2023,NSE,EQ,EQ,buy,FALSE,32,1344,1206096,1E+15,2023-09-12T09:45:27
CDSL,INE736A01011,9/12/2023,NSE,EQ,EQ,buy,FALSE,71,1344,1206095,1E+15,2023-09-12T09:45:27
CDSL,INE736A01011,9/12/2023,NSE,EQ,EQ,buy,FALSE,7,1343.949951,1206094,1E+15,2023-09-12T09:45:27
CDSL,INE736A01011,9/12/2023,NSE,EQ,EQ,buy,FALSE,1,1343.800049,1206093,1E+15,2023-09-12T09:45:27
CDSL,INE736A01011,9/12/2023,NSE,EQ,EQ,buy,FALSE,37,1343.75,1206092,1E+15,2023-09-12T09:45:27
CDSL,INE736A01011,9/12/2023,NSE,EQ,EQ,buy,FALSE,49,1343.699951,1206091,1E+15,2023-09-12T09:45:27
CDSL,INE736A01011,9/12/2023,NSE,EQ,EQ,buy,FALSE,1,1343.650024,1206090,1E+15,2023-09-12T09:45:27
CDSL,INE736A01011,9/12/2023,NSE,EQ,EQ,buy,FALSE,2,1343.650024,1206089,1E+15,2023-09-12T09:45:27
PRAJIND,INE074A01025,9/12/2023,NSE,EQ,EQ,sell,FALSE,15,557.700012,41593036,1.2E+15,2023-09-12T09:47:21
PARADEEP,INE088F01024,9/12/2023,BSE,EQ,A,sell,FALSE,180,69.709999,112402900,1.69449E+18,2023-09-12T10:03:03
GAIL,INE129A01019,9/12/2023,NSE,EQ,EQ,buy,FALSE,25,125.25,23147917,1.1E+15,2023-09-12T10:04:24
POONAWALLA,INE511C01022,9/12/2023,NSE,EQ,EQ,buy,FALSE,30,389.899994,42583821,1.2E+15,2023-09-12T10:04:46
ADANIPOWER,INE814H01011,9/12/2023,NSE,EQ,EQ,buy,FALSE,20,386,2083208,1E+15,2023-09-12T10:06:13
PARADEEP,INE088F01024,9/12/2023,BSE,EQ,A,buy,FALSE,180,70.190002,167067000,1.6945E+18,2023-09-12T11:07:51
INFY,INE009A01021,9/15/2023,NSE,EQ,EQ,buy,FALSE,1,1513.900024,23345699,1.1E+15,2023-09-15T11:58:54
INFY,INE009A01021,9/15/2023,NSE,EQ,EQ,buy,FALSE,4,1513.900024,23345697,1.1E+15,2023-09-15T11:58:54
INFY,INE009A01021,9/15/2023,NSE,EQ,EQ,buy,FALSE,5,1513.900024,23345698,1.1E+15,2023-09-15T11:58:54
ITC,INE154A01025,9/15/2023,BSE,EQ,A,buy,FALSE,2,449.450012,4748000,1.69476E+18,2023-09-15T12:29:25
BHEL,INE257A01026,9/18/2023,BSE,EQ,A,buy,FALSE,25,128.550003,1417000,1.69501E+18,2023-09-18T09:39:07
IFCI,INE039A01010,9/20/2023,NSE,EQ,EQ,buy,FALSE,250,20.950001,24270562,1.1E+15,2023-09-20T12:30:21
GATI,INE152B01027,9/22/2023,NSE,EQ,EQ,buy,FALSE,2,162.149994,21472168,1.1E+15,2023-09-22T10:02:09
GATI,INE152B01027,9/22/2023,NSE,EQ,EQ,buy,FALSE,30,162.149994,21472167,1.1E+15,2023-09-22T10:02:09
HBLPOWER,INE292B01021,9/22/2023,NSE,EQ,EQ,buy,FALSE,15,248.699997,24425459,1.1E+15,2023-09-22T13:24:00
SAREGAMA,INE979A01025,9/22/2023,BSE,EQ,A,buy,FALSE,10,368.5,74382600,1.69537E+18,2023-09-22T13:24:17
TEJASNET,INE010J01012,9/22/2023,BSE,EQ,A,buy,FALSE,1,830,82203300,1.69537E+18,2023-09-22T14:04:39
GAIL,INE129A01019,9/22/2023,BSE,EQ,A,buy,FALSE,25,122.099998,3272300,1.69536E+18,2023-09-22T14:04:56
JIOFIN,INE758E01017,9/22/2023,NSE,EQ,EQ,buy,FALSE,10,227.899994,44514878,1.2E+15,2023-09-22T14:05:13
BPCL,INE029A01011,9/25/2023,BSE,EQ,A,buy,FALSE,35,351,4883200,1.69563E+18,2023-09-25T14:26:08
TEJASNET,INE010J01012,9/26/2023,BSE,EQ,A,buy,FALSE,3,839.650024,40689900,1.6957E+18,2023-09-26T10:44:20
RAJESHEXPO,INE343B01030,9/27/2023,NSE,EQ,EQ,buy,FALSE,10,507.799988,62585133,1.3E+15,2023-09-27T11:27:21
IFCI,INE039A01010,9/27/2023,NSE,EQ,EQ,sell,FALSE,250,24.799999,22887888,1.1E+15,2023-09-27T11:47:01
POONAWALLA,INE511C01022,9/27/2023,BSE,EQ,A,buy,FALSE,10,381.100006,46065500,1.69579E+18,2023-09-27T11:47:54
JIOFIN,INE758E01017,9/29/2023,BSE,EQ,B,buy,FALSE,10,225.399994,1115900,1.69596E+18,2023-09-29T09:17:16
SJVN,INE002L01015,9/29/2023,NSE,EQ,EQ,buy,FALSE,70,74.099998,61992366,1.3E+15,2023-09-29T11:09:30
BORORENEW,INE666D01022,10/5/2023,NSE,EQ,EQ,buy,FALSE,10,428.700012,2624812,1E+15,2023-10-05T13:05:24
SAREGAMA,INE979A01025,10/5/2023,BSE,EQ,A,buy,FALSE,1,353.399994,75749800,1.69649E+18,2023-10-05T13:05:39
SAREGAMA,INE979A01025,10/5/2023,BSE,EQ,A,buy,FALSE,3,353.450012,75750000,1.69649E+18,2023-10-05T13:05:39
SAREGAMA,INE979A01025,10/5/2023,BSE,EQ,A,buy,FALSE,6,353.350006,75749600,1.69649E+18,2023-10-05T13:05:39
HAL,INE066F01020,10/6/2023,NSE,EQ,EQ,buy,FALSE,1,1957.449951,22617008,1.1E+15,2023-10-06T12:06:24
HAL,INE066F01020,10/6/2023,NSE,EQ,EQ,buy,FALSE,4,1957.050049,22617007,1.1E+15,2023-10-06T12:06:24
SAREGAMA,INE979A01025,10/10/2023,BSE,EQ,A,buy,FALSE,8,351.850006,51490100,1.69692E+18,2023-10-10T11:49:57
SBIN,INE062A01020,10/11/2023,NSE,EQ,EQ,buy,FALSE,1,594.700012,61982468,1.3E+15,2023-10-11T10:41:33
DISHTV,INE836F01026,10/12/2023,BSE,EQ,A,sell,FALSE,300,18.809999,69448500,1.6971E+18,2023-10-12T13:49:46
GAIL,INE129A01019,10/13/2023,NSE,EQ,EQ,buy,FALSE,40,131.149994,21243406,1.1E+15,2023-10-13T09:52:59
ITBEES,INF204KB15V2,10/18/2023,NSE,EQ,EQ,buy,FALSE,100,33.470001,41219588,1.2E+15,2023-10-18T09:48:47
PEL,INE140A01024,10/20/2023,NSE,EQ,EQ,sell,FALSE,5,1012.950012,43085179,1.2E+15,2023-10-20T11:52:38
GEOJITFSL,INE007B01023,10/20/2023,NSE,EQ,EQ,sell,FALSE,88,57.400002,23100792,1.1E+15,2023-10-20T11:52:46
BANKBARODA,INE028A01039,10/20/2023,BSE,EQ,A,sell,FALSE,10,202.399994,2907100,1.69778E+18,2023-10-20T11:52:59
BANKBARODA,INE028A01039,10/20/2023,BSE,EQ,A,sell,FALSE,15,202.350006,2907300,1.69778E+18,2023-10-20T11:52:59
WOCKPHARMA,INE049B01025,10/20/2023,BSE,EQ,A,sell,FALSE,50,244.5,2974300,1.69778E+18,2023-10-20T11:53:24
PARAGMILK,INE883N01014,10/20/2023,NSE,EQ,EQ,sell,FALSE,25,221.649994,43109108,1.2E+15,2023-10-20T11:54:17
SJVN,INE002L01015,10/20/2023,BSE,EQ,A,sell,FALSE,70,75.199997,2046600,1.69778E+18,2023-10-20T11:55:48
HBLPOWER,INE292B01021,10/23/2023,BSE,EQ,A,buy,FALSE,10,271.549988,86233000,1.69804E+18,2023-10-23T12:47:04
HFCL,INE548A01028,10/25/2023,BSE,EQ,A,buy,FALSE,10,65.389999,44293300,1.69821E+18,2023-10-25T10:13:11
SAREGAMA,INE979A01025,10/25/2023,NSE,EQ,EQ,buy,FALSE,3,334.5,65996054,1.3E+15,2023-10-25T14:07:41
SAREGAMA,INE979A01025,10/25/2023,NSE,EQ,EQ,buy,FALSE,9,334.450012,65996053,1.3E+15,2023-10-25T14:07:41
RGL,INE722H01024,10/27/2023,NSE,EQ,EQ,buy,FALSE,43,117.800003,61677860,1.3E+15,2023-10-27T10:08:35
RGL,INE722H01024,10/27/2023,NSE,EQ,EQ,buy,FALSE,7,117.800003,61677859,1.3E+15,2023-10-27T10:08:35
AWHCL,INE01BK01022,10/27/2023,NSE,EQ,EQ,buy,FALSE,10,393,1282649,1E+15,2023-10-27T10:09:29
GAIL,INE129A01019,10/27/2023,NSE,EQ,EQ,buy,FALSE,10,119,21734854,1.1E+15,2023-10-27T10:26:38
GAIL,INE129A01019,10/27/2023,NSE,EQ,EQ,buy,FALSE,5,119,21734855,1.1E+15,2023-10-27T10:26:38
GAIL,INE129A01019,10/27/2023,NSE,EQ,EQ,buy,FALSE,4,119,21734856,1.1E+15,2023-10-27T10:26:38
GAIL,INE129A01019,10/27/2023,NSE,EQ,EQ,buy,FALSE,21,119.050003,21734857,1.1E+15,2023-10-27T10:26:38
ITBEES,INF204KB15V2,10/27/2023,NSE,EQ,EQ,buy,FALSE,100,32.259998,41821048,1.2E+15,2023-10-27T10:26:56
PARADEEP,INE088F01024,10/27/2023,BSE,EQ,A,buy,FALSE,70,59.290001,39026700,1.69838E+18,2023-10-27T10:27:51
GMRINFRA,INE776C01039,10/27/2023,NSE,EQ,EQ,buy,FALSE,96,54.950001,22934609,1.1E+15,2023-10-27T12:06:51
GMRINFRA,INE776C01039,10/27/2023,NSE,EQ,EQ,buy,FALSE,9,54.950001,22934608,1.1E+15,2023-10-27T12:06:51
HFCL,INE548A01028,10/27/2023,BSE,EQ,A,buy,FALSE,40,64.669998,66280900,1.69839E+18,2023-10-27T12:34:11
HFCL,INE548A01028,10/27/2023,BSE,EQ,A,buy,FALSE,30,64.669998,66373400,1.69839E+18,2023-10-27T12:34:40
BORORENEW,INE666D01022,10/30/2023,BSE,EQ,A,buy,FALSE,5,408.049988,27718900,1.69864E+18,2023-10-30T09:54:44
WARDINMOBI,INE945P01024,11/2/2023,BSE,EQ,A,buy,FALSE,100,48.23,3646100,1.6989E+18,2023-11-02T12:39:27
SAREGAMA,INE979A01025,11/6/2023,BSE,EQ,A,buy,FALSE,10,344.75,86645400,1.69926E+18,2023-11-06T13:49:03
TIPSINDLTD,INE716B01029,11/6/2023,NSE,EQ,EQ,buy,FALSE,1,347.149994,64477707,1.3E+15,2023-11-06T13:49:37
TIPSINDLTD,INE716B01029,11/6/2023,NSE,EQ,EQ,buy,FALSE,1,347.149994,64477706,1.3E+15,2023-11-06T13:49:37
TIPSINDLTD,INE716B01029,11/6/2023,NSE,EQ,EQ,buy,FALSE,3,347.149994,64477708,1.3E+15,2023-11-06T13:49:37
INFY,INE009A01021,11/6/2023,BSE,EQ,A,buy,FALSE,2,1394.949951,6284800,1.69926E+18,2023-11-06T13:49:58
CDSL,INE736A01011,11/8/2023,NSE,EQ,EQ,sell,FALSE,50,1617.900024,739849,1E+15,2023-11-08T09:36:26
JPPOWER,INE351F01018,11/9/2023,NSE,EQ,EQ,buy,FALSE,300,14.45,42573274,1.2E+15,2023-11-09T11:02:49
ZENTEC,INE251B01027,11/9/2023,NSE,EQ,BE,buy,FALSE,1,720,62337666,1.3E+15,2023-11-09T11:12:02
ZENSARTECH,INE520A01027,11/9/2023,NSE,EQ,EQ,buy,FALSE,1,495,62339620,1.3E+15,2023-11-09T11:12:10
KPITTECH,INE04I401011,11/9/2023,NSE,EQ,EQ,buy,FALSE,1,1324.949951,42718827,1.2E+15,2023-11-09T11:13:10
MARKSANS,INE750C01026,11/10/2023,NSE,EQ,EQ,buy,FALSE,40,126,40627469,1.2E+15,2023-11-10T09:30:12
ADANIPOWER,INE814H01011,11/13/2023,BSE,EQ,A,sell,FALSE,20,396.600006,9932900,1.69985E+18,2023-11-13T09:29:21
APOLLO,INE713T01028,11/15/2023,NSE,EQ,EQ,buy,FALSE,50,129.199997,1201453,1E+15,2023-11-15T09:59:38
ADANIPORTS,INE742F01042,11/16/2023,NSE,EQ,EQ,buy,FALSE,10,815.700012,3622581,1E+15,2023-11-16T13:18:56
SBIN,INE062A01020,11/17/2023,NSE,EQ,EQ,buy,FALSE,4,565.5,62203965,1.3E+15,2023-11-17T10:19:53
WOCKPHARMA,INE049B01025,11/17/2023,NSE,EQ,EQ,buy,FALSE,50,324.5,62892699,1.3E+15,2023-11-17T10:52:46
TIPSINDLTD,INE716B01029,11/17/2023,BSE,EQ,B,buy,FALSE,9,374.350006,34470700,1.7002E+18,2023-11-17T11:14:49
TIPSINDLTD,INE716B01029,11/17/2023,BSE,EQ,B,buy,FALSE,6,374.200012,34470500,1.7002E+18,2023-11-17T11:14:49
CANBK,INE476A01014,11/20/2023,NSE,EQ,EQ,buy,FALSE,15,400.700012,601775,1E+15,2023-11-20T09:32:33
RAJESHEXPO,INE343B01030,11/20/2023,NSE,EQ,EQ,sell,FALSE,10,363.100006,61777982,1.3E+15,2023-11-20T09:59:28
GATI,INE152B01027,11/20/2023,BSE,EQ,A,sell,FALSE,32,135.149994,35090500,1.70045E+18,2023-11-20T09:59:53
IMAGICAA,INE172N01012,11/20/2023,BSE,EQ,B,buy,FALSE,10,49.900002,3081700,1.70045E+18,2023-11-20T11:02:59
BSE,INE118H01025,11/20/2023,NSE,EQ,EQ,sell,FALSE,15,2300.5,3583323,1E+15,2023-11-20T13:41:41
CDSL,INE736A01011,11/20/2023,NSE,EQ,EQ,sell,FALSE,44,1728.849976,3584120,1E+15,2023-11-20T13:41:46
CDSL,INE736A01011,11/20/2023,NSE,EQ,EQ,sell,FALSE,3,1729,3584118,1E+15,2023-11-20T13:41:46
CDSL,INE736A01011,11/20/2023,NSE,EQ,EQ,sell,FALSE,8,1728.849976,3584121,1E+15,2023-11-20T13:41:46
CDSL,INE736A01011,11/20/2023,NSE,EQ,EQ,sell,FALSE,95,1728.900024,3584119,1E+15,2023-11-20T13:41:46
MAPMYINDIA,INE0BV301023,11/20/2023,BSE,EQ,A,sell,FALSE,11,2195.649902,90223600,1.70047E+18,2023-11-20T13:41:50
MAPMYINDIA,INE0BV301023,11/20/2023,BSE,EQ,A,sell,FALSE,4,2195.699951,90223300,1.70047E+18,2023-11-20T13:41:50
TATAPOWER,INE245A01021,11/20/2023,NSE,EQ,EQ,sell,FALSE,155,261.75,65296616,1.3E+15,2023-11-20T13:41:54
BEL,INE263A01024,11/20/2023,BSE,EQ,A,sell,FALSE,150,143.649994,3761200,1.70046E+18,2023-11-20T13:41:59
HBLPOWER,INE292B01021,11/20/2023,NSE,EQ,EQ,sell,FALSE,40,340.5,24473467,1.1E+15,2023-11-20T13:42:04
BHEL,INE257A01026,11/20/2023,BSE,EQ,A,sell,FALSE,175,141.699997,6502500,1.70047E+18,2023-11-20T13:42:09
PRAJIND,INE074A01025,11/20/2023,BSE,EQ,A,sell,FALSE,6,594.75,90295200,1.70047E+18,2023-11-20T13:42:13
PRAJIND,INE074A01025,11/20/2023,BSE,EQ,A,sell,FALSE,14,594.700012,90295400,1.70047E+18,2023-11-20T13:42:13
ITC,INE154A01025,11/20/2023,BSE,EQ,A,sell,FALSE,20,437.299988,5798500,1.70046E+18,2023-11-20T13:42:21
ITC,INE154A01025,11/20/2023,BSE,EQ,A,sell,FALSE,30,437.25,5798800,1.70046E+18,2023-11-20T13:42:21
BPCL,INE029A01011,11/20/2023,NSE,EQ,EQ,sell,FALSE,26,391.950012,3589787,1E+15,2023-11-20T13:42:26
BPCL,INE029A01011,11/20/2023,NSE,EQ,EQ,sell,FALSE,1,391.950012,3589786,1E+15,2023-11-20T13:42:26
BPCL,INE029A01011,11/20/2023,NSE,EQ,EQ,sell,FALSE,21,391.950012,3589785,1E+15,2023-11-20T13:42:26
BPCL,INE029A01011,11/20/2023,NSE,EQ,EQ,sell,FALSE,1,391.950012,3589788,1E+15,2023-11-20T13:42:26
BPCL,INE029A01011,11/20/2023,NSE,EQ,EQ,sell,FALSE,1,391.950012,3589789,1E+15,2023-11-20T13:42:26
IRCTC,INE335Y01020,11/20/2023,NSE,EQ,EQ,sell,FALSE,28,701.5,24479495,1.1E+15,2023-11-20T13:42:33
TATASTEEL,INE081A01020,11/20/2023,NSE,EQ,EQ,sell,FALSE,160,124.699997,65306574,1.3E+15,2023-11-20T13:42:40
PARADEEP,INE088F01024,11/20/2023,BSE,EQ,A,sell,FALSE,250,62.799999,90383300,1.70047E+18,2023-11-20T13:42:46
TATAMOTORS,INE155A01022,11/20/2023,NSE,EQ,EQ,sell,FALSE,20,674.599976,65308873,1.3E+15,2023-11-20T13:42:50
HFCL,INE548A01028,11/20/2023,NSE,EQ,EQ,sell,FALSE,320,67.599998,24484569,1.1E+15,2023-11-20T13:42:59
HAL,INE066F01020,11/20/2023,NSE,EQ,EQ,sell,FALSE,1,2157.350098,24485659,1.1E+15,2023-11-20T13:43:04
HAL,INE066F01020,11/20/2023,NSE,EQ,EQ,sell,FALSE,4,2157.300049,24485660,1.1E+15,2023-11-20T13:43:04
GMRINFRA,INE776C01039,11/20/2023,BSE,EQ,A,sell,FALSE,190,57.599998,4710200,1.70046E+18,2023-11-20T13:43:09
AWHCL,INE01BK01022,11/20/2023,BSE,EQ,B,sell,FALSE,10,479.950012,4035600,1.70045E+18,2023-11-20T13:43:16
WARDINMOBI,INE945P01024,11/20/2023,BSE,EQ,A,sell,FALSE,10,53.029999,2772900,1.70045E+18,2023-11-20T13:43:59
WARDINMOBI,INE945P01024,11/20/2023,BSE,EQ,A,sell,FALSE,90,53.02,2773100,1.70045E+18,2023-11-20T13:43:59
MARKSANS,INE750C01026,11/20/2023,BSE,EQ,A,sell,FALSE,40,136.5,90642800,1.70047E+18,2023-11-20T13:44:05
WOCKPHARMA,INE049B01025,11/20/2023,NSE,EQ,EQ,sell,FALSE,29,331.049988,65330616,1.3E+15,2023-11-20T13:44:25
WOCKPHARMA,INE049B01025,11/20/2023,NSE,EQ,EQ,sell,FALSE,21,331,65330617,1.3E+15,2023-11-20T13:44:25
SCI,INE109A01011,11/20/2023,BSE,EQ,A,sell,FALSE,47,132.800003,90852500,1.70047E+18,2023-11-20T13:45:31
SCI,INE109A01011,11/20/2023,BSE,EQ,A,sell,FALSE,3,132.850006,90852300,1.70047E+18,2023-11-20T13:45:31
RGL,INE722H01024,11/20/2023,BSE,EQ,B,sell,FALSE,22,100,1319000,1.70045E+18,2023-11-20T13:45:46
RGL,INE722H01024,11/20/2023,BSE,EQ,B,sell,FALSE,28,100.050003,1318800,1.70045E+18,2023-11-20T13:45:46
ITBEES,INF204KB15V2,11/20/2023,NSE,EQ,EQ,sell,FALSE,700,34.189999,45005742,1.2E+15,2023-11-20T13:52:22
TIPSINDLTD,INE716B01029,11/21/2023,BSE,EQ,B,sell,FALSE,10,384.950012,19961900,1.70054E+18,2023-11-21T10:01:34
TIPSINDLTD,INE716B01029,11/21/2023,BSE,EQ,B,sell,FALSE,10,385,19961700,1.70054E+18,2023-11-21T10:01:34
KPITTECH,INE04I401011,11/21/2023,NSE,EQ,EQ,sell,FALSE,1,1545.699951,41742286,1.2E+15,2023-11-21T10:14:31
POONAWALLA,INE511C01022,11/21/2023,BSE,EQ,A,buy,FALSE,10,367.100006,62979300,1.70055E+18,2023-11-21T11:30:23
CDSL,INE736A01011,11/21/2023,NSE,EQ,EQ,buy,FALSE,10,1722.050049,4692076,1E+15,2023-11-21T15:19:43
KPITTECH,INE04I401011,11/24/2023,NSE,EQ,EQ,buy,FALSE,7,1463.099976,44673511,1.2E+15,2023-11-24T14:25:14
BSE,INE118H01025,11/24/2023,NSE,EQ,EQ,buy,FALSE,2,2139.75,3867455,1E+15,2023-11-24T14:26:09
BHEL,INE257A01026,11/28/2023,NSE,EQ,EQ,buy,FALSE,100,156.5,3844813,1E+15,2023-11-28T11:40:12
HBLPOWER,INE292B01021,11/28/2023,NSE,EQ,EQ,buy,FALSE,14,348.549988,23421818,1.1E+15,2023-11-28T11:42:59
MARKSANS,INE750C01026,11/28/2023,NSE,EQ,EQ,buy,FALSE,35,142.5,43738819,1.2E+15,2023-11-28T12:08:48
TATAPOWER,INE245A01021,11/28/2023,NSE,EQ,EQ,buy,FALSE,20,267.200012,63764684,1.3E+15,2023-11-28T12:09:50
TEJASNET,INE010J01012,11/28/2023,BSE,EQ,A,buy,FALSE,2,803.400024,86698300,1.70115E+18,2023-11-28T12:10:23
SJVN,INE002L01015,11/29/2023,NSE,EQ,EQ,buy,FALSE,60,85.150002,60073565,1.3E+15,2023-11-29T09:15:41
JPPOWER,INE351F01018,11/29/2023,NSE,EQ,EQ,buy,FALSE,50,13.45,40274868,1.2E+15,2023-11-29T09:21:44
TATAMOTORS,INE155A01022,11/29/2023,NSE,EQ,EQ,buy,FALSE,1,696.25,60484115,1.3E+15,2023-11-29T09:26:57
PCBL,INE602A01031,11/30/2023,NSE,EQ,EQ,buy,FALSE,16,275,40276121,1.2E+15,2023-11-30T09:19:23
PCBL,INE602A01031,11/30/2023,NSE,EQ,EQ,buy,FALSE,4,275,40276120,1.2E+15,2023-11-30T09:19:23
DCMSRIND,INE843D01027,11/30/2023,NSE,EQ,EQ,buy,FALSE,10,165.949997,21032321,1.1E+15,2023-11-30T09:33:12
TATATECH,INE142M01025,11/30/2023,NSE,EQ,EQ,buy,FALSE,5,1307.699951,81202472,1.4E+15,2023-11-30T11:04:01
DCMSRIND,INE843D01027,12/1/2023,NSE,EQ,EQ,buy,FALSE,30,165.899994,22775776,1.1E+15,2023-12-01T10:36:31
TATAPOWER,INE245A01021,12/1/2023,BSE,EQ,A,buy,FALSE,60,275.25,6335200,1.70142E+18,2023-12-01T12:55:14
TEJASNET,INE010J01012,12/4/2023,NSE,EQ,EQ,buy,FALSE,2,819.650024,60510883,1.3E+15,2023-12-04T09:20:34
TEJASNET,INE010J01012,12/4/2023,NSE,EQ,EQ,buy,FALSE,1,819.549988,60510882,1.3E+15,2023-12-04T09:20:34
PCBL,INE602A01031,12/4/2023,BSE,EQ,A,buy,FALSE,10,266.200012,983300,1.70166E+18,2023-12-04T09:22:15
KCPSUGIND,INE790B01024,12/5/2023,NSE,EQ,BE,buy,FALSE,100,38.599998,40875137,1.2E+15,2023-12-05T09:34:22
ADANIPORTS,INE742F01042,12/6/2023,NSE,EQ,EQ,sell,FALSE,4,1037,6002273,1E+15,2023-12-06T12:01:03
GMRINFRA,INE776C01039,12/8/2023,NSE,EQ,EQ,buy,FALSE,75,67.650002,23288215,1.1E+15,2023-12-08T10:58:44
KCPSUGIND,INE790B01024,12/8/2023,NSE,EQ,BE,buy,FALSE,20,32.950001,43449023,1.2E+15,2023-12-08T11:20:03
SUZLON,INE040H01021,12/8/2023,BSE,EQ,T,buy,FALSE,100,38.650002,5125200,1.70201E+18,2023-12-08T13:14:58
IREDA,INE202E01016,12/11/2023,NSE,EQ,EQ,buy,FALSE,10,78.849998,21905520,1.1E+15,2023-12-11T10:01:33
POEL,INE035S01010,12/11/2023,BSE,EQ,X,buy,FALSE,20,217.899994,15160000,1.70227E+18,2023-12-11T10:05:33
IREDA,INE202E01016,12/11/2023,NSE,EQ,EQ,buy,FALSE,40,81.300003,22082018,1.1E+15,2023-12-11T10:08:18
PRECWIRE,INE372C01037,12/11/2023,NSE,EQ,EQ,buy,FALSE,40,131.949997,42275011,1.2E+15,2023-12-11T10:35:05
PRAJIND,INE074A01025,12/13/2023,NSE,EQ,EQ,buy,FALSE,10,546,42779886,1.2E+15,2023-12-13T10:54:15
JIOFIN,INE758E01017,12/14/2023,NSE,EQ,EQ,buy,FALSE,12,241.75,42704504,1.2E+15,2023-12-14T10:27:53
JIOFIN,INE758E01017,12/14/2023,NSE,EQ,EQ,buy,FALSE,1,241.75,42704505,1.2E+15,2023-12-14T10:27:53
JIOFIN,INE758E01017,12/14/2023,NSE,EQ,EQ,buy,FALSE,7,241.75,42704506,1.2E+15,2023-12-14T10:27:53
NATIONALUM,INE139A01034,12/14/2023,NSE,EQ,EQ,buy,FALSE,60,102.849998,43871982,1.2E+15,2023-12-14T11:23:02
ADANIPORTS,INE742F01042,12/14/2023,NSE,EQ,EQ,sell,FALSE,7,1067.449951,3078463,1E+15,2023-12-14T11:32:15
ADANIPORTS,INE742F01042,12/14/2023,NSE,EQ,EQ,sell,FALSE,9,1067.449951,3078462,1E+15,2023-12-14T11:32:15
SWANENERGY,INE665A01038,12/14/2023,NSE,EQ,EQ,buy,FALSE,20,505.950012,69232477,1.3E+15,2023-12-14T15:18:24
PRAJIND,INE074A01025,12/15/2023,NSE,EQ,EQ,buy,FALSE,5,538.5,41748019,1.2E+15,2023-12-15T09:54:15
BALAJITELE,INE794B01026,12/15/2023,NSE,EQ,EQ,buy,FALSE,65,79.050003,1840330,1E+15,2023-12-15T10:21:26
ZENTEC,INE251B01027,12/15/2023,NSE,EQ,BE,buy,FALSE,2,764.5,69560180,1.3E+15,2023-12-15T15:20:35
BIRLACABLE,INE800A01015,12/18/2023,NSE,EQ,EQ,buy,FALSE,20,290.350006,2425034,1E+15,2023-12-18T10:49:30
ITBEES,INF204KB15V2,12/18/2023,NSE,EQ,EQ,buy,FALSE,200,37.959999,44229153,1.2E+15,2023-12-18T12:02:44
PHARMABEES,INF204KC1089,12/18/2023,NSE,EQ,EQ,buy,FALSE,122,16.68,44233337,1.2E+15,2023-12-18T12:03:01
PHARMABEES,INF204KC1089,12/18/2023,NSE,EQ,EQ,buy,FALSE,159,16.68,44233335,1.2E+15,2023-12-18T12:03:01
PHARMABEES,INF204KC1089,12/18/2023,NSE,EQ,EQ,buy,FALSE,212,16.67,44233334,1.2E+15,2023-12-18T12:03:01
PHARMABEES,INF204KC1089,12/18/2023,NSE,EQ,EQ,buy,FALSE,7,16.68,44233336,1.2E+15,2023-12-18T12:03:01
TBZ,INE760L01018,12/20/2023,NSE,EQ,EQ,buy,FALSE,37,137.300003,64621735,1.3E+15,2023-12-20T11:53:15
MARKSANS,INE750C01026,12/20/2023,NSE,EQ,EQ,sell,FALSE,35,146.25,46482744,1.2E+15,2023-12-20T13:34:10
NATIONALUM,INE139A01034,12/20/2023,NSE,EQ,EQ,sell,FALSE,60,107.150002,47129523,1.2E+15,2023-12-20T13:43:31
CANBK,INE476A01014,12/20/2023,NSE,EQ,EQ,sell,FALSE,15,436.200012,5210468,1E+15,2023-12-20T13:43:50
TBZ,INE760L01018,12/20/2023,NSE,EQ,EQ,sell,FALSE,37,130.449997,68398199,1.3E+15,2023-12-20T13:52:43
GAIL,INE129A01019,12/20/2023,BSE,EQ,A,sell,FALSE,20,140.300003,6266800,1.70306E+18,2023-12-20T13:59:33
BHEL,INE257A01026,12/20/2023,NSE,EQ,EQ,sell,FALSE,10,177.899994,5727056,1E+15,2023-12-20T14:00:26
PCBL,INE602A01031,12/20/2023,BSE,EQ,A,sell,FALSE,5,245.649994,17719800,1.70306E+18,2023-12-20T15:20:37
PCBL,INE602A01031,12/20/2023,BSE,EQ,A,sell,FALSE,23,245.699997,17719500,1.70306E+18,2023-12-20T15:20:37
PCBL,INE602A01031,12/20/2023,BSE,EQ,A,sell,FALSE,2,245.75,17719300,1.70306E+18,2023-12-20T15:20:37
SAREGAMA,INE979A01025,12/21/2023,NSE,EQ,EQ,buy,FALSE,10,359.649994,61937783,1.3E+15,2023-12-21T09:42:14
ASTRAL,INE006I01046,12/21/2023,NSE,EQ,EQ,buy,FALSE,1,1866.449951,1666271,1E+15,2023-12-21T09:50:55
BORORENEW,INE666D01022,12/21/2023,NSE,EQ,EQ,buy,FALSE,5,422.899994,1671463,1E+15,2023-12-21T09:51:08
MAPMYINDIA,INE0BV301023,12/21/2023,NSE,EQ,EQ,buy,FALSE,1,1998.75,42262898,1.2E+15,2023-12-21T09:55:43
GAIL,INE129A01019,12/21/2023,NSE,EQ,EQ,buy,FALSE,20,139.399994,23260397,1.1E+15,2023-12-21T10:14:37
IRCTC,INE335Y01020,12/22/2023,NSE,EQ,EQ,buy,FALSE,1,870.849976,22914972,1.1E+15,2023-12-22T10:43:03
IEX,INE022Q01020,12/26/2023,NSE,EQ,EQ,buy,FALSE,1,156.600006,27688438,1.1E+15,2023-12-26T14:56:25
IEX,INE022Q01020,12/26/2023,NSE,EQ,EQ,buy,FALSE,34,156.600006,27688439,1.1E+15,2023-12-26T14:56:25
POEL,INE035S01010,12/28/2023,BSE,EQ,X,sell,FALSE,20,224.25,7445700,1.70373E+18,2023-12-28T09:43:08
BHEL,INE257A01026,12/28/2023,BSE,EQ,A,sell,FALSE,12,189.600006,5816900,1.70374E+18,2023-12-28T11:30:54
IREDA,INE202E01016,12/28/2023,BSE,EQ,B,sell,FALSE,50,96.5,15659300,1.70374E+18,2023-12-28T11:46:05
IREDA,INE202E01016,12/28/2023,BSE,EQ,B,buy,FALSE,50,97.489998,17450200,1.70374E+18,2023-12-28T12:24:10
GPPL,INE517F01014,12/28/2023,NSE,EQ,EQ,buy,FALSE,35,151.399994,28306690,1.1E+15,2023-12-28T14:56:39
IDEA,INE669E01016,12/29/2023,NSE,EQ,EQ,buy,FALSE,10,15.9,28085708,1.1E+15,2023-12-29T14:53:26
NATIONALUM,INE139A01034,1/1/2024,NSE,EQ,EQ,buy,FALSE,50,135.050003,41134255,1.2E+15,2024-01-01T09:44:56
IDEA,INE669E01016,1/1/2024,BSE,EQ,A,buy,FALSE,100,17.620001,10824600,1.70408E+18,2024-01-01T10:26:03
SJVN,INE002L01015,1/2/2024,BSE,EQ,A,buy,FALSE,40,92.910004,6474500,1.70417E+18,2024-01-02T11:15:04
IDEA,INE669E01016,1/3/2024,NSE,EQ,EQ,sell,FALSE,110,15.9,20028546,1.1E+15,2024-01-03T09:07:18
BALAJITELE,INE794B01026,1/3/2024,NSE,EQ,EQ,sell,FALSE,65,80.050003,4490674,1E+15,2024-01-03T11:14:46
GMRINFRA,INE776C01039,1/3/2024,BSE,EQ,A,sell,FALSE,75,80.050003,5364100,1.70426E+18,2024-01-03T11:15:25
PARADEEP,INE088F01024,1/4/2024,NSE,EQ,EQ,buy,FALSE,100,80.550003,40008539,1.2E+15,2024-01-04T09:07:34
HFCL,INE548A01028,1/4/2024,NSE,EQ,EQ,buy,FALSE,100,88.900002,20029629,1.1E+15,2024-01-04T09:07:34
SATINDLTD,INE065D01027,1/4/2024,NSE,EQ,EQ,buy,FALSE,40,126,66001964,1.3E+15,2024-01-04T12:39:01
ZENSARTECH,INE520A01027,1/4/2024,BSE,EQ,A,sell,FALSE,1,584.75,4679300,1.70435E+18,2024-01-04T13:09:03
GPPL,INE517F01014,1/5/2024,BSE,EQ,A,sell,FALSE,29,156.699997,4485900,1.70443E+18,2024-01-05T11:48:12
GPPL,INE517F01014,1/5/2024,BSE,EQ,A,sell,FALSE,6,156.75,4485700,1.70443E+18,2024-01-05T11:48:12
TATATECH,INE142M01025,1/5/2024,BSE,EQ,B,buy,FALSE,2,1177.949951,3501900,1.70443E+18,2024-01-05T11:50:37
TREL,INE0O3901029,1/5/2024,NSE,EQ,EQ,buy,FALSE,75,54.599998,65723331,1.3E+15,2024-01-05T12:47:00
TREL,INE0O3901029,1/5/2024,NSE,EQ,EQ,buy,FALSE,25,54.599998,65723330,1.3E+15,2024-01-05T12:47:00
DCMSRMIND,INE843D01027,1/5/2024,BSE,EQ,B,buy,FALSE,10,165.5,5225000,1.70444E+18,2024-01-05T12:48:17
ITBEES,INF204KB15V2,1/8/2024,NSE,EQ,EQ,buy,FALSE,100,36.700001,42073902,1.2E+15,2024-01-08T10:06:06
ONGC,INE213A01029,1/9/2024,NSE,EQ,EQ,buy,FALSE,25,219,40863146,1.2E+15,2024-01-09T09:35:18
ONGC,INE213A01029,1/9/2024,NSE,EQ,EQ,sell,FALSE,20,217.449997,41529202,1.2E+15,2024-01-09T09:58:53
ONGC,INE213A01029,1/9/2024,NSE,EQ,EQ,sell,FALSE,2,217.5,41529200,1.2E+15,2024-01-09T09:58:53
ONGC,INE213A01029,1/9/2024,NSE,EQ,EQ,sell,FALSE,3,217.5,41529201,1.2E+15,2024-01-09T09:58:53
ZEEL,INE256A01028,1/9/2024,NSE,EQ,EQ,buy,FALSE,20,264.350006,66741256,1.3E+15,2024-01-09T13:35:29
GIPCL,INE162A01010,1/11/2024,NSE,EQ,EQ,buy,FALSE,1,186.199997,23930945,1.1E+15,2024-01-11T11:06:00
DCXINDIA,INE0KL801015,1/11/2024,NSE,EQ,EQ,buy,FALSE,10,378.950012,24168075,1.1E+15,2024-01-11T11:16:16
IMAGICAA,INE172N01012,1/15/2024,NSE,EQ,EQ,sell,FALSE,110,67.300003,22474012,1.1E+15,2024-01-15T09:53:38
IREDA,INE202E01016,1/15/2024,BSE,EQ,B,buy,FALSE,50,120.800003,20931400,1.7053E+18,2024-01-15T11:21:51
DCW,INE500A01029,1/15/2024,NSE,EQ,EQ,buy,FALSE,80,62.849998,28888616,1.1E+15,2024-01-15T14:04:14
NATIONALUM,INE139A01034,1/16/2024,BSE,EQ,A,buy,FALSE,30,141.5,540600,1.70538E+18,2024-01-16T09:17:31
HDFCBANK,INE040A01034,1/17/2024,NSE,EQ,EQ,buy,FALSE,1,1578.5,21324620,1.1E+15,2024-01-17T09:25:59
TATAMOTORS,INE155A01022,1/17/2024,BSE,EQ,A,sell,FALSE,1,810.25,2440700,1.70546E+18,2024-01-17T09:35:42
ZEEL,INE256A01028,1/17/2024,BSE,EQ,A,buy,FALSE,5,255.75,1915500,1.70546E+18,2024-01-17T09:51:45
SAREGAMA,INE979A01025,1/18/2024,NSE,EQ,EQ,buy,FALSE,3,348.649994,64381543,1.3E+15,2024-01-18T10:45:31
SAREGAMA,INE979A01025,1/18/2024,NSE,EQ,EQ,buy,FALSE,2,348.649994,64381545,1.3E+15,2024-01-18T10:45:31
SAREGAMA,INE979A01025,1/18/2024,NSE,EQ,EQ,buy,FALSE,3,348.649994,64381546,1.3E+15,2024-01-18T10:45:31
SAREGAMA,INE979A01025,1/18/2024,NSE,EQ,EQ,buy,FALSE,1,348.649994,64381547,1.3E+15,2024-01-18T10:45:31
SAREGAMA,INE979A01025,1/18/2024,NSE,EQ,EQ,buy,FALSE,1,348.649994,64381544,1.3E+15,2024-01-18T10:45:31
TATATECH,INE142M01025,1/18/2024,BSE,EQ,B,buy,FALSE,1,1149.599976,7697400,1.70556E+18,2024-01-18T13:10:27
NATIONALUM,INE139A01034,1/18/2024,NSE,EQ,EQ,buy,FALSE,20,131.600006,47614153,1.2E+15,2024-01-18T13:11:05
ONGC,INE213A01029,1/18/2024,NSE,EQ,EQ,buy,FALSE,30,232.100006,47810256,1.2E+15,2024-01-18T13:22:10
IEX,INE022Q01020,1/19/2024,BSE,EQ,A,sell,FALSE,35,140.699997,4525200,1.70564E+18,2024-01-19T09:49:44
SWANENERGY,INE665A01038,1/20/2024,BSE,EQ,A,sell,FALSE,20,588.099976,336500,1.70572E+18,2024-01-20T09:22:33
INFY,INE009A01021,1/20/2024,NSE,EQ,EQ,sell,FALSE,11,1658.050049,23181380,1.1E+15,2024-01-20T10:25:52
POONAWALLA,INE511C01022,1/20/2024,BSE,EQ,A,sell,FALSE,10,494.600006,69095500,1.70573E+18,2024-01-20T10:26:48
IRCTC,INE335Y01020,1/20/2024,NSE,EQ,EQ,buy,FALSE,24,1020.900024,23371603,1.1E+15,2024-01-20T10:34:29
IRCTC,INE335Y01020,1/20/2024,NSE,EQ,EQ,sell,FALSE,24,1025.150024,23992133,1.1E+15,2024-01-20T11:02:28
RAIN,INE855B01025,1/20/2024,NSE,EQ,EQ,buy,FALSE,30,158,63666637,1.3E+15,2024-01-20T11:48:32
SOUTHBANK,INE683A01023,1/23/2024,NSE,EQ,EQ,buy,FALSE,175,31.25,64204362,1.3E+15,2024-01-23T10:31:41
ZEEL,INE256A01028,1/23/2024,BSE,EQ,A,sell,FALSE,25,168.199997,12606900,1.70599E+18,2024-01-23T12:14:26
BORORENEW,INE666D01022,1/23/2024,NSE,EQ,EQ,sell,FALSE,1,577.849976,5007817,1E+15,2024-01-23T12:27:49
BORORENEW,INE666D01022,1/23/2024,NSE,EQ,EQ,sell,FALSE,9,577.849976,5007816,1E+15,2024-01-23T12:27:49
ASTRAL,INE006I01046,1/23/2024,BSE,EQ,A,buy,FALSE,3,1791.25,5122000,1.70599E+18,2024-01-23T12:42:16
ASTRAL,INE006I01046,1/23/2024,BSE,EQ,A,buy,FALSE,2,1791.300049,5122200,1.70599E+18,2024-01-23T12:42:16
ASTRAL,INE006I01046,1/23/2024,BSE,EQ,A,buy,FALSE,1,1797.599976,5268100,1.70599E+18,2024-01-23T12:48:42
IRCON,INE962Y01021,1/23/2024,NSE,EQ,EQ,buy,FALSE,20,239.149994,30318292,1.1E+15,2024-01-23T12:52:25
RVNL,INE415G01027,1/23/2024,NSE,EQ,EQ,buy,FALSE,20,294.399994,68174568,1.3E+15,2024-01-23T12:52:43
IRFC,INE053F01010,1/23/2024,NSE,EQ,EQ,buy,FALSE,35,165.5,30343989,1.1E+15,2024-01-23T12:53:20
RAILTEL,INE0DD101019,1/23/2024,NSE,EQ,EQ,buy,FALSE,13,393.399994,68428152,1.3E+15,2024-01-23T13:02:24
TATATECH,INE142M01025,1/23/2024,BSE,EQ,B,buy,FALSE,2,1144.900024,6339200,1.706E+18,2024-01-23T14:42:38
TEJASNET,INE010J01012,1/23/2024,NSE,EQ,EQ,buy,FALSE,5,746.25,71443395,1.3E+15,2024-01-23T14:42:56
NATIONALUM,INE139A01034,1/23/2024,NSE,EQ,EQ,buy,FALSE,20,128.350006,50489535,1.2E+15,2024-01-23T14:43:22
SAREGAMA,INE979A01025,1/23/2024,BSE,EQ,A,buy,FALSE,5,337.649994,309222600,1.706E+18,2024-01-23T14:51:24
IRCTC,INE335Y01020,1/23/2024,NSE,EQ,EQ,buy,FALSE,1,940,35534081,1.1E+15,2024-01-23T15:10:17
BORORENEW,INE666D01022,1/23/2024,NSE,EQ,EQ,sell,FALSE,5,561.049988,9214519,1E+15,2024-01-23T15:23:16
BORORENEW,INE666D01022,1/23/2024,NSE,EQ,EQ,sell,FALSE,1,563,9270762,1E+15,2024-01-23T15:24:48
BORORENEW,INE666D01022,1/23/2024,NSE,EQ,EQ,buy,FALSE,16,563.950012,9277006,1E+15,2024-01-23T15:25:01
IRFC,INE053F01010,1/23/2024,NSE,EQ,EQ,buy,FALSE,15,161.899994,36581879,1.1E+15,2024-01-23T15:25:59
MAHABANK,INE457A01014,1/24/2024,NSE,EQ,EQ,buy,FALSE,50,51.099998,40721348,1.2E+15,2024-01-24T09:21:58
IRFC,INE053F01010,1/24/2024,BSE,EQ,A,buy,FALSE,50,157.75,36681600,1.70607E+18,2024-01-24T09:23:14
EXIDEIND,INE302A01020,1/24/2024,NSE,EQ,EQ,buy,FALSE,40,318.899994,23160347,1.1E+15,2024-01-24T09:56:48
RVNL,INE415G01027,1/24/2024,BSE,EQ,A,buy,FALSE,20,299.25,87570500,1.70607E+18,2024-01-24T09:58:13
RAILTEL,INE0DD101019,1/24/2024,BSE,EQ,A,buy,FALSE,7,399.350006,88358200,1.70607E+18,2024-01-24T09:59:07
GIPCL,INE162A01010,1/24/2024,BSE,EQ,B,sell,FALSE,1,192.5,2800800,1.70607E+18,2024-01-24T10:00:34
EASEMYTRIP,INE07O001026,1/24/2024,NSE,EQ,EQ,buy,FALSE,150,45.799999,23367804,1.1E+15,2024-01-24T10:01:44
IRCTC,INE335Y01020,1/24/2024,BSE,EQ,A,buy,FALSE,5,957.900024,113421800,1.70607E+18,2024-01-24T10:39:55
RAIN,INE855B01025,1/24/2024,NSE,EQ,EQ,sell,FALSE,30,164.199997,64386452,1.3E+15,2024-01-24T10:55:42
TIPSINDLTD,INE716B01029,1/24/2024,NSE,EQ,EQ,buy,FALSE,1,396.600006,64500399,1.3E+15,2024-01-24T11:01:16
TIPSINDLTD,INE716B01029,1/24/2024,NSE,EQ,EQ,buy,FALSE,1,396.600006,64500400,1.3E+15,2024-01-24T11:01:16
TIPSINDLTD,INE716B01029,1/24/2024,NSE,EQ,EQ,buy,FALSE,7,396.600006,64500401,1.3E+15,2024-01-24T11:01:16
TIPSINDLTD,INE716B01029,1/24/2024,NSE,EQ,EQ,buy,FALSE,1,396.600006,64500402,1.3E+15,2024-01-24T11:01:16
BORORENEW,INE666D01022,1/24/2024,NSE,EQ,EQ,sell,FALSE,87,616.25,3720643,1E+15,2024-01-24T11:31:11
BORORENEW,INE666D01022,1/24/2024,NSE,EQ,EQ,sell,FALSE,10,616.25,3720644,1E+15,2024-01-24T11:31:11
BORORENEW,INE666D01022,1/24/2024,NSE,EQ,EQ,sell,FALSE,23,616.200012,3720645,1E+15,2024-01-24T11:31:11
RPOWER,INE614G01033,1/24/2024,NSE,EQ,EQ,buy,FALSE,50,29.75,68397785,1.3E+15,2024-01-24T14:06:34
IOC,INE242A01010,1/24/2024,BSE,EQ,A,buy,FALSE,40,143.850006,10275100,1.70609E+18,2024-01-24T14:56:05
BORORENEW,INE666D01022,1/25/2024,NSE,EQ,EQ,buy,FALSE,1,607,99994,1E+15,2024-01-25T09:16:05
BORORENEW,INE666D01022,1/25/2024,NSE,EQ,EQ,buy,FALSE,7,626.400024,458153,1E+15,2024-01-25T09:23:18
BORORENEW,INE666D01022,1/25/2024,NSE,EQ,EQ,buy,FALSE,12,626.400024,458152,1E+15,2024-01-25T09:23:18
PRECWIRE,INE372C01037,1/25/2024,NSE,EQ,EQ,sell,FALSE,40,140.800003,45145278,1.2E+15,2024-01-25T11:53:49
DPSCLTD,INE360C01024,1/25/2024,NSE,EQ,EQ,buy,FALSE,100,25.5,26838053,1.1E+15,2024-01-25T12:48:30
YESBANK,INE528G01035,1/29/2024,NSE,EQ,EQ,buy,FALSE,300,25.299999,60045750,1.3E+15,2024-01-29T09:07:02
RAIN,INE855B01025,1/29/2024,NSE,EQ,EQ,buy,FALSE,30,182.949997,62636008,1.3E+15,2024-01-29T09:55:24
KCPSUGIND,INE790B01024,1/29/2024,BSE,EQ,T,sell,FALSE,120,38,4171200,1.7065E+18,2024-01-29T10:58:39
NHPC,INE848E01016,1/29/2024,BSE,EQ,A,buy,FALSE,50,87.68,11699800,1.70651E+18,2024-01-29T11:49:39
MAHABANK,INE457A01014,1/29/2024,BSE,EQ,A,buy,FALSE,100,54.91,125018900,1.70651E+18,2024-01-29T11:52:16
TATATECH,INE142M01025,1/29/2024,NSE,EQ,EQ,buy,FALSE,2,1146.599976,66197009,1.3E+15,2024-01-29T12:02:14
TEJASNET,INE010J01012,1/29/2024,BSE,EQ,A,buy,FALSE,2,758.650024,129451100,1.70651E+18,2024-01-29T12:02:23
IDEA,INE669E01016,1/29/2024,NSE,EQ,EQ,buy,FALSE,300,15.2,26320969,1.1E+15,2024-01-29T12:28:48
TATASTEEL,INE081A01020,1/29/2024,NSE,EQ,EQ,buy,FALSE,40,134.800003,68017329,1.3E+15,2024-01-29T13:25:13
JIOFIN,INE758E01017,1/29/2024,BSE,EQ,B,buy,FALSE,10,251.75,103139400,1.70652E+18,2024-01-29T14:15:06
ASIANPAINT,INE021A01026,1/29/2024,BSE,EQ,A,buy,FALSE,1,2971.449951,6646300,1.70652E+18,2024-01-29T14:16:28
SOUTHBANK,INE683A01023,1/29/2024,BSE,EQ,A,buy,FALSE,25,33.799999,21756500,1.70652E+18,2024-01-29T15:02:36
HUBTOWN,INE703H01016,1/30/2024,NSE,EQ,EQ,buy,FALSE,40,127.900002,25359800,1.1E+15,2024-01-30T11:21:43
IDFCFIRSTB,INE092T01019,1/30/2024,NSE,EQ,EQ,buy,FALSE,10,82.949997,27376759,1.1E+15,2024-01-30T12:55:09
BORORENEW,INE666D01022,1/31/2024,BSE,EQ,A,buy,FALSE,20,583.75,63963900,1.70668E+18,2024-01-31T10:12:41
PRSMJOHNSN,INE010A01011,1/31/2024,NSE,EQ,EQ,buy,FALSE,25,181.899994,44006767,1.2E+15,2024-01-31T10:48:50
MTNL,INE153A01019,1/31/2024,NSE,EQ,EQ,buy,FALSE,100,50.900002,49561575,1.2E+15,2024-01-31T14:40:27
PATELENG,INE244B01030,1/31/2024,NSE,EQ,EQ,buy,FALSE,50,66.849998,50422888,1.2E+15,2024-01-31T15:04:35
TREL,INE0O3901029,2/1/2024,BSE,EQ,B,sell,FALSE,100,55.310001,32531700,1.70676E+18,2024-02-01T10:02:51
DCW,INE500A01029,2/1/2024,NSE,EQ,EQ,sell,FALSE,80,67.849998,23171847,1.1E+15,2024-02-01T10:03:26
MSUMI,INE0FS801015,2/1/2024,NSE,EQ,EQ,buy,FALSE,100,70.150002,44244727,1.2E+15,2024-02-01T11:00:10
HFCL,INE548A01028,2/1/2024,NSE,EQ,EQ,sell,FALSE,100,100.25,27650930,1.1E+15,2024-02-01T12:05:12
JIOFIN,INE758E01017,2/1/2024,BSE,EQ,B,buy,FALSE,10,251,72588900,1.70677E+18,2024-02-01T12:12:25
MAPMYINDIA,INE0BV301023,2/2/2024,NSE,EQ,EQ,buy,FALSE,1,1833.800049,42812648,1.2E+15,2024-02-02T10:00:25
HFCL,INE548A01028,2/2/2024,NSE,EQ,EQ,buy,FALSE,50,98.449997,26278687,1.1E+15,2024-02-02T12:07:22
PRSMJOHNSN,INE010A01011,2/5/2024,NSE,EQ,EQ,sell,FALSE,2,170.300003,41025100,1.2E+15,2024-02-05T09:22:32
PRSMJOHNSN,INE010A01011,2/5/2024,NSE,EQ,EQ,sell,FALSE,16,170.300003,41025099,1.2E+15,2024-02-05T09:22:32
PRSMJOHNSN,INE010A01011,2/5/2024,NSE,EQ,EQ,sell,FALSE,7,170.300003,41025098,1.2E+15,2024-02-05T09:22:32
SAIL,INE114A01011,2/5/2024,NSE,EQ,EQ,buy,FALSE,20,131.550003,61764855,1.3E+15,2024-02-05T09:33:00
MAPMYINDIA,INE0BV301023,2/5/2024,BSE,EQ,A,buy,FALSE,1,1849.949951,43990000,1.70711E+18,2024-02-05T09:34:11
SAIL,INE114A01011,2/5/2024,NSE,EQ,EQ,buy,FALSE,25,131.800003,62028531,1.3E+15,2024-02-05T09:36:51
INTLCONV,INE575C01027,2/5/2024,NSE,EQ,EQ,buy,FALSE,50,109.400002,22329712,1.1E+15,2024-02-05T09:48:39
NHPC,INE848E01016,2/5/2024,NSE,EQ,EQ,buy,FALSE,40,111.650002,48018066,1.2E+15,2024-02-05T12:27:33
EASEMYTRIP,INE07O001026,2/5/2024,BSE,EQ,A,sell,FALSE,100,49.860001,150258900,1.70712E+18,2024-02-05T12:27:46
EASEMYTRIP,INE07O001026,2/5/2024,BSE,EQ,A,sell,FALSE,50,49.849998,150259100,1.70712E+18,2024-02-05T12:27:46
HUBTOWN,INE703H01016,2/5/2024,BSE,EQ,B,sell,FALSE,40,141.199997,80203300,1.70712E+18,2024-02-05T12:27:56
HDFCBANK,INE040A01034,2/6/2024,BSE,EQ,A,buy,FALSE,9,1440.699951,2454500,1.70719E+18,2024-02-06T09:49:40
YESBANK,INE528G01035,2/6/2024,BSE,EQ,A,buy,FALSE,40,25.32,5783600,1.70719E+18,2024-02-06T09:50:37
RAILTEL,INE0DD101019,2/6/2024,NSE,EQ,EQ,sell,FALSE,20,405.899994,64679483,1.3E+15,2024-02-06T10:51:18
RAIN,INE855B01025,2/6/2024,BSE,EQ,A,buy,FALSE,20,192.100006,6759300,1.7072E+18,2024-02-06T10:54:48
SAIL,INE114A01011,2/6/2024,NSE,EQ,EQ,buy,FALSE,15,136.899994,64791945,1.3E+15,2024-02-06T10:55:12
IREDA,INE202E01016,2/6/2024,BSE,EQ,B,sell,FALSE,23,203.199997,26176900,1.7072E+18,2024-02-06T11:43:59
IREDA,INE202E01016,2/6/2024,BSE,EQ,B,sell,FALSE,27,203.25,26176700,1.7072E+18,2024-02-06T11:43:59
YESBANK,INE528G01035,2/7/2024,BSE,EQ,A,buy,FALSE,60,26.190001,67900,1.70728E+18,2024-02-07T09:07:06
MISHTANN,INE094S01041,2/7/2024,BSE,EQ,B,buy,FALSE,100,25.049999,2077100,1.70728E+18,2024-02-07T09:18:24
HINDCOPPER,INE531E01026,2/7/2024,NSE,EQ,EQ,buy,FALSE,17,302.450012,20693217,1.1E+15,2024-02-07T09:20:59
HFCL,INE548A01028,2/7/2024,BSE,EQ,A,sell,FALSE,50,102.800003,56968600,1.70728E+18,2024-02-07T09:57:09
EXIDEIND,INE302A01020,2/7/2024,NSE,EQ,EQ,sell,FALSE,28,347.350006,24409309,1.1E+15,2024-02-07T10:33:14
EXIDEIND,INE302A01020,2/7/2024,NSE,EQ,EQ,sell,FALSE,12,347.350006,24409310,1.1E+15,2024-02-07T10:33:14
ONGC,INE213A01029,2/7/2024,NSE,EQ,EQ,sell,FALSE,30,272.5,43899991,1.2E+15,2024-02-07T10:34:35
IOC,INE242A01010,2/7/2024,NSE,EQ,EQ,sell,FALSE,10,187.199997,28276954,1.1E+15,2024-02-07T12:32:35
IOC,INE242A01010,2/7/2024,NSE,EQ,EQ,sell,FALSE,30,187.149994,28276955,1.1E+15,2024-02-07T12:32:35
VEDAVAAG,INE359B01010,2/7/2024,BSE,EQ,X,buy,FALSE,100,67.75,8158600,1.70728E+18,2024-02-07T14:08:46
BIRLACABLE,INE800A01015,2/8/2024,BSE,EQ,B,sell,FALSE,7,323.450012,11533900,1.70736E+18,2024-02-08T09:23:05
BIRLACABLE,INE800A01015,2/8/2024,BSE,EQ,B,sell,FALSE,3,323.649994,11533500,1.70736E+18,2024-02-08T09:23:05
BIRLACABLE,INE800A01015,2/8/2024,BSE,EQ,B,sell,FALSE,10,323.600006,11533700,1.70736E+18,2024-02-08T09:23:05
YESBANK,INE528G01035,2/8/2024,BSE,EQ,A,sell,FALSE,400,31.67,9098400,1.70736E+18,2024-02-08T09:23:28
BORORENEW,INE666D01022,2/8/2024,NSE,EQ,EQ,sell,FALSE,9,562.5,617496,1E+15,2024-02-08T09:23:39
BORORENEW,INE666D01022,2/8/2024,NSE,EQ,EQ,sell,FALSE,1,562.5,617495,1E+15,2024-02-08T09:23:39
BORORENEW,INE666D01022,2/8/2024,NSE,EQ,EQ,sell,FALSE,30,562.5,617494,1E+15,2024-02-08T09:23:39
BORORENEW,INE666D01022,2/8/2024,NSE,EQ,EQ,buy,FALSE,20,574.049988,1212311,1E+15,2024-02-08T09:38:14
BORORENEW,INE666D01022,2/8/2024,NSE,EQ,EQ,buy,FALSE,19,574.150024,1212312,1E+15,2024-02-08T09:38:14
BORORENEW,INE666D01022,2/8/2024,NSE,EQ,EQ,buy,FALSE,1,574.150024,1212313,1E+15,2024-02-08T09:38:14
BORORENEW,INE666D01022,2/8/2024,NSE,EQ,EQ,buy,FALSE,10,569.75,1234725,1E+15,2024-02-08T09:38:54
MISHTANN,INE094S01041,2/8/2024,BSE,EQ,B,buy,FALSE,100,23.459999,11710100,1.70736E+18,2024-02-08T09:51:09
PARADEEP,INE088F01024,2/8/2024,NSE,EQ,EQ,buy,FALSE,50,77.449997,42668003,1.2E+15,2024-02-08T09:53:18
GRAPHITE,INE371A01025,2/8/2024,NSE,EQ,EQ,buy,FALSE,9,616.900024,22540142,1.1E+15,2024-02-08T09:54:12
GRAPHITE,INE371A01025,2/8/2024,NSE,EQ,EQ,buy,FALSE,6,616.900024,22540141,1.1E+15,2024-02-08T09:54:12
DCXINDIA,INE0KL801015,2/8/2024,BSE,EQ,B,buy,FALSE,4,353.5,2215400,1.70736E+18,2024-02-08T09:55:46
DCXINDIA,INE0KL801015,2/8/2024,BSE,EQ,B,buy,FALSE,6,353.450012,2215200,1.70736E+18,2024-02-08T09:55:46
TIPSINDLTD,INE716B01029,2/8/2024,NSE,EQ,EQ,sell,FALSE,1,421.5,62986349,1.3E+15,2024-02-08T09:56:26
TIPSINDLTD,INE716B01029,2/8/2024,NSE,EQ,EQ,sell,FALSE,9,421.399994,62986350,1.3E+15,2024-02-08T09:56:26
DPSCLTD,INE360C01024,2/8/2024,NSE,EQ,EQ,buy,FALSE,100,24.25,23031283,1.1E+15,2024-02-08T10:08:39
HINDCOPPER,INE531E01026,2/8/2024,BSE,EQ,A,buy,FALSE,3,293.850006,8978400,1.70737E+18,2024-02-08T12:20:58
UCOBANK,INE691A01018,2/8/2024,NSE,EQ,EQ,buy,FALSE,50,63.799999,69996118,1.3E+15,2024-02-08T13:42:25
ESAFSFB,INE818W01011,2/8/2024,NSE,EQ,EQ,buy,FALSE,50,78.900002,28987714,1.1E+15,2024-02-08T13:43:20
SATINDLTD,INE065D01027,2/9/2024,NSE,EQ,EQ,sell,FALSE,40,116.650002,64334368,1.3E+15,2024-02-09T10:13:21
CDSL,INE736A01011,2/9/2024,NSE,EQ,EQ,buy,FALSE,3,1967.800049,2719573,1E+15,2024-02-09T10:14:31
CDSL,INE736A01011,2/9/2024,NSE,EQ,EQ,buy,FALSE,2,1967.800049,2719574,1E+15,2024-02-09T10:14:31
CDSL,INE736A01011,2/9/2024,NSE,EQ,EQ,buy,FALSE,3,1967.800049,2719575,1E+15,2024-02-09T10:14:31
BHEL,INE257A01026,2/9/2024,BSE,EQ,A,buy,FALSE,2,223,12560100,1.70745E+18,2024-02-09T10:36:37
CDSL,INE736A01011,2/9/2024,NSE,EQ,EQ,sell,FALSE,8,1945.050049,3420306,1E+15,2024-02-09T10:45:14
MANGIND,INE717C01025,2/9/2024,BSE,EQ,XT,buy,FALSE,600,5.7,5849100,1.70745E+18,2024-02-09T10:49:21
MAPMYINDIA,INE0BV301023,2/9/2024,NSE,EQ,EQ,buy,FALSE,1,1874.650024,45441270,1.2E+15,2024-02-09T10:51:19
HINDCOPPER,INE531E01026,2/9/2024,NSE,EQ,EQ,buy,FALSE,10,271.549988,27176978,1.1E+15,2024-02-09T12:03:37
MOTHERSON,INE775A01035,2/9/2024,BSE,EQ,A,buy,FALSE,40,121.150002,8274400,1.70746E+18,2024-02-09T12:38:25
UCOBANK,INE691A01018,2/9/2024,BSE,EQ,A,buy,FALSE,10,60.73,10245000,1.70746E+18,2024-02-09T12:59:05
SJVN,INE002L01015,2/12/2024,BSE,EQ,A,sell,FALSE,2,127.25,3862600,1.70771E+18,2024-02-12T09:23:52
SJVN,INE002L01015,2/12/2024,BSE,EQ,A,sell,FALSE,98,127.199997,3862900,1.70771E+18,2024-02-12T09:23:52
HINDCOPPER,INE531E01026,2/12/2024,NSE,EQ,EQ,buy,FALSE,10,270.149994,20968993,1.1E+15,2024-02-12T09:25:31
IDEA,INE669E01016,2/12/2024,BSE,EQ,A,sell,FALSE,300,15.36,1276300,1.70771E+18,2024-02-12T09:25:59
BORORENEW,INE666D01022,2/12/2024,NSE,EQ,EQ,buy,FALSE,1,514.700012,1534681,1E+15,2024-02-12T09:47:52
BORORENEW,INE666D01022,2/12/2024,NSE,EQ,EQ,buy,FALSE,1,514.75,1534682,1E+15,2024-02-12T09:47:52
BORORENEW,INE666D01022,2/12/2024,NSE,EQ,EQ,buy,FALSE,6,514.75,1534683,1E+15,2024-02-12T09:47:52
BORORENEW,INE666D01022,2/12/2024,NSE,EQ,EQ,buy,FALSE,1,514.75,1534684,1E+15,2024-02-12T09:47:52
BORORENEW,INE666D01022,2/12/2024,NSE,EQ,EQ,buy,FALSE,1,514.75,1534685,1E+15,2024-02-12T09:47:52
PARADEEP,INE088F01024,2/12/2024,NSE,EQ,EQ,sell,FALSE,150,79.550003,42737029,1.2E+15,2024-02-12T09:52:48
HBLPOWER,INE292B01021,2/12/2024,NSE,EQ,EQ,sell,FALSE,14,562.5,22420576,1.1E+15,2024-02-12T09:55:16
ZENTEC,INE251B01027,2/12/2024,BSE,EQ,A,buy,FALSE,1,856.450012,78280000,1.70771E+18,2024-02-12T10:02:15
SOUTHBANK,INE683A01023,2/12/2024,BSE,EQ,A,sell,FALSE,200,33.709999,3452800,1.70771E+18,2024-02-12T10:02:30
MANGIND,INE717C01025,2/12/2024,BSE,EQ,XT,buy,FALSE,50,5.51,2646600,1.70771E+18,2024-02-12T10:07:36
IRFC,INE053F01010,2/12/2024,BSE,EQ,A,sell,FALSE,100,139,86530700,1.70771E+18,2024-02-12T10:08:41
RVNL,INE415G01027,2/12/2024,NSE,EQ,EQ,sell,FALSE,40,237.600006,63672445,1.3E+15,2024-02-12T10:08:48
PATELENG,INE244B01030,2/12/2024,NSE,EQ,EQ,sell,FALSE,50,67.25,43976197,1.2E+15,2024-02-12T10:15:17
HBLPOWER,INE292B01021,2/12/2024,NSE,EQ,EQ,buy,FALSE,14,556.200012,24668106,1.1E+15,2024-02-12T10:47:47
HBLPOWER,INE292B01021,2/12/2024,NSE,EQ,EQ,buy,FALSE,5,548.299988,25167047,1.1E+15,2024-02-12T11:04:44
HBLPOWER,INE292B01021,2/12/2024,NSE,EQ,EQ,buy,FALSE,1,548.25,25167046,1.1E+15,2024-02-12T11:04:44
CDSL,INE736A01011,2/12/2024,NSE,EQ,EQ,buy,FALSE,5,1896.550049,3797726,1E+15,2024-02-12T11:12:56
BORORENEW,INE666D01022,2/12/2024,NSE,EQ,EQ,buy,FALSE,10,493.799988,6936801,1E+15,2024-02-12T14:17:07
NHPC,INE848E01016,2/13/2024,BSE,EQ,A,buy,FALSE,10,84.489998,4058100,1.7078E+18,2024-02-13T09:19:39
HINDCOPPER,INE531E01026,2/13/2024,BSE,EQ,A,buy,FALSE,20,246.199997,1121500,1.7078E+18,2024-02-13T09:20:00
MAHABANK,INE457A01014,2/13/2024,BSE,EQ,A,buy,FALSE,50,56.599998,23625400,1.7078E+18,2024-02-13T09:22:04
IDFCFIRSTB,INE092T01019,2/13/2024,BSE,EQ,A,buy,FALSE,20,78.989998,843100,1.7078E+18,2024-02-13T09:22:20
RPOWER,INE614G01033,2/13/2024,NSE,EQ,BE,sell,FALSE,4,25.200001,60862693,1.3E+15,2024-02-13T09:23:24
RPOWER,INE614G01033,2/13/2024,NSE,EQ,BE,sell,FALSE,10,25.200001,60863069,1.3E+15,2024-02-13T09:23:25
RPOWER,INE614G01033,2/13/2024,NSE,EQ,BE,sell,FALSE,11,25.200001,60863628,1.3E+15,2024-02-13T09:23:25
RPOWER,INE614G01033,2/13/2024,NSE,EQ,BE,sell,FALSE,1,25.200001,60864029,1.3E+15,2024-02-13T09:23:26
RPOWER,INE614G01033,2/13/2024,NSE,EQ,BE,sell,FALSE,5,25.200001,60865129,1.3E+15,2024-02-13T09:23:26
RPOWER,INE614G01033,2/13/2024,NSE,EQ,BE,sell,FALSE,10,25.200001,60865250,1.3E+15,2024-02-13T09:23:26
RPOWER,INE614G01033,2/13/2024,NSE,EQ,BE,sell,FALSE,1,25.200001,60865328,1.3E+15,2024-02-13T09:23:27
RPOWER,INE614G01033,2/13/2024,NSE,EQ,BE,sell,FALSE,8,25.200001,60866427,1.3E+15,2024-02-13T09:23:27
DCMSRIND,INE843D01027,2/13/2024,BSE,EQ,B,sell,FALSE,6,187.449997,1007100,1.7078E+18,2024-02-13T09:25:00
DCMSRIND,INE843D01027,2/13/2024,BSE,EQ,B,sell,FALSE,25,187.600006,1006300,1.7078E+18,2024-02-13T09:25:00
DCMSRIND,INE843D01027,2/13/2024,BSE,EQ,B,sell,FALSE,15,187.550003,1006500,1.7078E+18,2024-02-13T09:25:00
DCMSRIND,INE843D01027,2/13/2024,BSE,EQ,B,sell,FALSE,4,187.5,1006900,1.7078E+18,2024-02-13T09:25:00
DCMSRIND,INE843D01027,2/13/2024,BSE,EQ,B,buy,FALSE,15,187.850006,2251000,1.7078E+18,2024-02-13T09:40:00
DCMSRIND,INE843D01027,2/13/2024,BSE,EQ,B,buy,FALSE,4,187.800003,2250800,1.7078E+18,2024-02-13T09:40:00
DCMSRIND,INE843D01027,2/13/2024,BSE,EQ,B,buy,FALSE,2,187.75,2250600,1.7078E+18,2024-02-13T09:40:00
DCMSRIND,INE843D01027,2/13/2024,BSE,EQ,B,buy,FALSE,29,187.899994,2251500,1.7078E+18,2024-02-13T09:40:00
HFCL,INE548A01028,2/13/2024,NSE,EQ,EQ,buy,FALSE,10,92,22706352,1.1E+15,2024-02-13T09:47:36
TATAPOWER,INE245A01021,2/13/2024,BSE,EQ,A,buy,FALSE,20,366.549988,6855800,1.7078E+18,2024-02-13T11:14:43
UCOBANK,INE691A01018,2/13/2024,BSE,EQ,A,buy,FALSE,70,57.5,5439000,1.7078E+18,2024-02-13T11:18:45
MISHTANN,INE094S01041,2/13/2024,BSE,EQ,B,buy,FALSE,100,22.35,16708300,1.7078E+18,2024-02-13T11:19:03
ESAFSFB,INE818W01011,2/13/2024,NSE,EQ,EQ,buy,FALSE,7,64.300003,25857039,1.1E+15,2024-02-13T11:19:35
ESAFSFB,INE818W01011,2/13/2024,NSE,EQ,EQ,buy,FALSE,93,64.300003,25857040,1.1E+15,2024-02-13T11:19:35
IRFC,INE053F01010,2/13/2024,BSE,EQ,A,buy,FALSE,10,146.449997,170426100,1.70781E+18,2024-02-13T12:29:46
RVNL,INE415G01027,2/13/2024,NSE,EQ,EQ,buy,FALSE,10,245.949997,67249307,1.3E+15,2024-02-13T12:29:56
TATATECH,INE142M01025,2/13/2024,BSE,EQ,B,buy,FALSE,5,1096.949951,5200800,1.70781E+18,2024-02-13T12:42:02
HBLPOWER,INE292B01021,2/13/2024,BSE,EQ,A,buy,FALSE,10,513.75,195521100,1.70781E+18,2024-02-13T13:48:27
GAIL,INE129A01019,2/13/2024,BSE,EQ,A,buy,FALSE,1,170.449997,8807000,1.70782E+18,2024-02-13T15:23:09
INFY,INE009A01021,2/14/2024,BSE,EQ,A,sell,FALSE,1,1658.300049,11613300,1.7079E+18,2024-02-14T14:34:50
MOTHERSON,INE775A01035,2/16/2024,BSE,EQ,A,buy,FALSE,15,114.449997,12143500,1.70807E+18,2024-02-16T14:09:17
ZOMATO,INE758T01015,2/19/2024,NSE,EQ,EQ,buy,FALSE,1,158.949997,63931789,1.3E+15,2024-02-19T11:04:41
ASIANPAINT,INE021A01026,2/19/2024,NSE,EQ,EQ,sell,FALSE,1,3003.199951,4473988,1E+15,2024-02-19T12:56:57
KPITTECH,INE04I401011,2/19/2024,NSE,EQ,EQ,sell,FALSE,2,1655,45881748,1.2E+15,2024-02-19T12:59:36
KPITTECH,INE04I401011,2/19/2024,NSE,EQ,EQ,sell,FALSE,5,1655,45881747,1.2E+15,2024-02-19T12:59:36
IDFCFIRSTB,INE092T01019,2/19/2024,BSE,EQ,A,sell,FALSE,30,82.389999,7935000,1.70832E+18,2024-02-19T13:00:15
HINDCOPPER,INE531E01026,2/21/2024,BSE,EQ,A,buy,FALSE,10,256.75,3101600,1.70849E+18,2024-02-21T10:23:16
HFCL,INE548A01028,2/21/2024,NSE,EQ,EQ,sell,FALSE,10,109.800003,22728144,1.1E+15,2024-02-21T10:24:30
TEJASNET,INE010J01012,2/21/2024,NSE,EQ,EQ,buy,FALSE,1,743.799988,62880808,1.3E+15,2024-02-21T10:25:03
GREENPOWER,INE999K01014,2/21/2024,BSE,EQ,T,sell,FALSE,400,23.950001,10003200,1.70849E+18,2024-02-21T12:07:47
JPPOWER,INE351F01018,2/21/2024,BSE,EQ,T,sell,FALSE,350,20.1,10043500,1.70849E+18,2024-02-21T12:09:27
GREENPOWER,INE999K01014,2/21/2024,BSE,EQ,T,buy,FALSE,101,23.9,13085500,1.70849E+18,2024-02-21T14:00:43
GREENPOWER,INE999K01014,2/21/2024,BSE,EQ,T,buy,FALSE,299,23.9,13086200,1.70849E+18,2024-02-21T14:00:47
ZENTEC,INE251B01027,2/21/2024,BSE,EQ,A,sell,FALSE,4,804,115659200,1.7085E+18,2024-02-21T14:11:00
VEDAVAAG,INE359B01010,2/23/2024,BSE,EQ,X,buy,FALSE,50,58.98,355100,1.70866E+18,2024-02-23T09:20:26
BIRLAPREC,INE372E01025,2/23/2024,BSE,EQ,XT,buy,FALSE,70,71,12192900,1.70866E+18,2024-02-23T12:24:17
JAGRAN,INE199G01027,2/26/2024,NSE,EQ,EQ,buy,FALSE,49,129.399994,40842149,1.2E+15,2024-02-26T09:24:15
JAGRAN,INE199G01027,2/26/2024,NSE,EQ,EQ,buy,FALSE,1,129.399994,40842148,1.2E+15,2024-02-26T09:24:15
TEXRAIL,INE621L01012,2/27/2024,NSE,EQ,EQ,buy,FALSE,30,202.75,60537595,1.3E+15,2024-02-27T09:22:06
RAIN,INE855B01025,2/27/2024,NSE,EQ,EQ,sell,FALSE,37,188.699997,61290285,1.3E+15,2024-02-27T09:40:16
RAIN,INE855B01025,2/27/2024,NSE,EQ,EQ,sell,FALSE,13,188.699997,61290286,1.3E+15,2024-02-27T09:40:16
SUZLON,INE040H01021,2/27/2024,BSE,EQ,T,buy,FALSE,50,44.349998,11735300,1.709E+18,2024-02-27T12:16:56
SWANENERGY,INE665A01038,2/27/2024,NSE,EQ,EQ,buy,FALSE,7,755,65918381,1.3E+15,2024-02-27T13:20:21
JIOFIN,INE758E01017,2/29/2024,BSE,EQ,B,buy,FALSE,10,315.200012,47084300,1.70919E+18,2024-02-29T11:58:41
ZOMATO,INE758T01015,3/1/2024,BSE,EQ,A,buy,FALSE,20,168,26317700,1.70927E+18,2024-03-01T09:37:37
SAREGAMA,INE979A01025,3/5/2024,NSE,EQ,EQ,sell,FALSE,10,389.25,64474386,1.3E+15,2024-03-05T11:24:13
SAREGAMA,INE979A01025,3/5/2024,NSE,EQ,EQ,sell,FALSE,35,389.25,64474387,1.3E+15,2024-03-05T11:24:13
TATAMOTORS,INE155A01022,3/5/2024,NSE,EQ,EQ,buy,FALSE,5,1024.400024,64483957,1.3E+15,2024-03-05T11:24:38
ZOMATO,INE758T01015,3/6/2024,BSE,EQ,A,buy,FALSE,9,159,34027000,1.7097E+18,2024-03-06T09:50:05
MAPMYINDIA,INE0BV301023,3/6/2024,BSE,EQ,A,buy,FALSE,1,1787.849976,34888800,1.7097E+18,2024-03-06T09:51:05
SWANENERGY,INE665A01038,3/6/2024,NSE,EQ,EQ,buy,FALSE,1,718.049988,61765732,1.3E+15,2024-03-06T09:51:21
SAIL,INE114A01011,3/6/2024,BSE,EQ,A,sell,FALSE,1,134.800003,2397600,1.7097E+18,2024-03-06T10:06:02
SAIL,INE114A01011,3/6/2024,BSE,EQ,A,sell,FALSE,59,134.75,2397900,1.7097E+18,2024-03-06T10:06:02
HINDCOPPER,INE531E01026,3/6/2024,NSE,EQ,EQ,sell,FALSE,1,271.649994,22353028,1.1E+15,2024-03-06T10:06:19
HINDCOPPER,INE531E01026,3/6/2024,NSE,EQ,EQ,sell,FALSE,3,271.549988,22353029,1.1E+15,2024-03-06T10:06:19
HINDCOPPER,INE531E01026,3/6/2024,NSE,EQ,EQ,sell,FALSE,46,271.549988,22353032,1.1E+15,2024-03-06T10:06:19
HINDCOPPER,INE531E01026,3/6/2024,NSE,EQ,EQ,sell,FALSE,15,271.549988,22353030,1.1E+15,2024-03-06T10:06:19
HINDCOPPER,INE531E01026,3/6/2024,NSE,EQ,EQ,sell,FALSE,5,271.549988,22353031,1.1E+15,2024-03-06T10:06:19
DCMSRIND,INE843D01027,3/6/2024,NSE,EQ,EQ,sell,FALSE,4,182.350006,22373371,1.1E+15,2024-03-06T10:06:47
DCMSRIND,INE843D01027,3/6/2024,NSE,EQ,EQ,sell,FALSE,24,182.350006,22373370,1.1E+15,2024-03-06T10:06:47
DCMSRIND,INE843D01027,3/6/2024,NSE,EQ,EQ,sell,FALSE,1,182.350006,22373369,1.1E+15,2024-03-06T10:06:47
DCMSRIND,INE843D01027,3/6/2024,NSE,EQ,EQ,sell,FALSE,1,182.399994,22373368,1.1E+15,2024-03-06T10:06:47
DCMSRIND,INE843D01027,3/6/2024,NSE,EQ,EQ,sell,FALSE,7,182.399994,22373367,1.1E+15,2024-03-06T10:06:47
DCMSRIND,INE843D01027,3/6/2024,NSE,EQ,EQ,sell,FALSE,7,182.449997,22373366,1.1E+15,2024-03-06T10:06:47
DCMSRIND,INE843D01027,3/6/2024,NSE,EQ,EQ,sell,FALSE,5,182.5,22373365,1.1E+15,2024-03-06T10:06:47
DCMSRIND,INE843D01027,3/6/2024,NSE,EQ,EQ,sell,FALSE,1,182.5,22373364,1.1E+15,2024-03-06T10:06:47
ASTRAL,INE006I01046,3/6/2024,NSE,EQ,EQ,sell,FALSE,12,2060.600098,1957677,1E+15,2024-03-06T10:07:07
SAIL,INE114A01011,3/6/2024,BSE,EQ,A,buy,FALSE,60,136.550003,3046600,1.7097E+18,2024-03-06T10:21:32
ASTRAL,INE006I01046,3/6/2024,NSE,EQ,EQ,buy,FALSE,12,2071.25,2337907,1E+15,2024-03-06T10:21:55
TATACHEM,INE092A01019,3/7/2024,NSE,EQ,EQ,buy,FALSE,10,1178.449951,60166384,1.3E+15,2024-03-07T09:16:20
BORORENEW,INE666D01022,3/7/2024,NSE,EQ,EQ,buy,FALSE,8,548,346012,1E+15,2024-03-07T09:21:06
BORORENEW,INE666D01022,3/7/2024,NSE,EQ,EQ,buy,FALSE,2,548,346011,1E+15,2024-03-07T09:21:06
HINDCOPPER,INE531E01026,3/7/2024,NSE,EQ,EQ,buy,FALSE,50,283.350006,20726221,1.1E+15,2024-03-07T09:27:29
CDSL,INE736A01011,3/7/2024,NSE,EQ,EQ,buy,FALSE,1,1833.699951,3037809,1E+15,2024-03-07T12:00:14
RKEC,INE786W01010,3/7/2024,NSE,EQ,EQ,buy,FALSE,30,93.650002,64899934,1.3E+15,2024-03-07T12:00:51
GRAPHITE,INE371A01025,3/7/2024,BSE,EQ,A,sell,FALSE,15,633.849976,7718700,1.70979E+18,2024-03-07T12:18:40
TATACHEM,INE092A01019,3/7/2024,NSE,EQ,EQ,sell,FALSE,10,1340.050049,65316525,1.3E+15,2024-03-07T12:18:49
VEDAVAAG,INE359B01010,3/7/2024,BSE,EQ,X,buy,FALSE,34,54.900002,3199700,1.70978E+18,2024-03-07T12:25:26
VEDAVAAG,INE359B01010,3/7/2024,BSE,EQ,X,buy,FALSE,16,54.950001,3199900,1.70978E+18,2024-03-07T12:25:26
BORORENEW,INE666D01022,3/11/2024,NSE,EQ,EQ,buy,FALSE,1,531.599976,4017722,1E+15,2024-03-11T12:35:47
BORORENEW,INE666D01022,3/11/2024,NSE,EQ,EQ,buy,FALSE,9,531.599976,4017723,1E+15,2024-03-11T12:35:47
APOLLO,INE713T01028,3/11/2024,NSE,EQ,BE,sell,FALSE,6,114.449997,5643859,1E+15,2024-03-11T14:33:03
APOLLO,INE713T01028,3/11/2024,NSE,EQ,BE,sell,FALSE,11,114.449997,5644660,1E+15,2024-03-11T14:33:06
APOLLO,INE713T01028,3/11/2024,NSE,EQ,BE,sell,FALSE,33,114.449997,5645360,1E+15,2024-03-11T14:33:08
SBIN,INE062A01020,3/12/2024,NSE,EQ,EQ,sell,FALSE,20,759.75,66508475,1.3E+15,2024-03-12T12:57:03
DCMSRIND,INE843D01027,3/12/2024,NSE,EQ,EQ,buy,FALSE,1,170.949997,27833717,1.1E+15,2024-03-12T13:43:09
DCMSRIND,INE843D01027,3/12/2024,NSE,EQ,EQ,buy,FALSE,9,170.949997,27833716,1.1E+15,2024-03-12T13:43:09
HDFCBANK,INE040A01034,3/12/2024,NSE,EQ,EQ,buy,FALSE,5,1459.400024,27840779,1.1E+15,2024-03-12T13:43:33
BORORENEW,INE666D01022,3/12/2024,BSE,EQ,A,buy,FALSE,5,518.650024,125015700,1.71023E+18,2024-03-12T13:44:06
JIOFIN,INE758E01017,3/12/2024,BSE,EQ,B,buy,FALSE,10,364.799988,95363400,1.71023E+18,2024-03-12T14:31:31
BORORENEW,INE666D01022,3/13/2024,NSE,EQ,EQ,buy,FALSE,15,498.299988,4494471,1E+15,2024-03-13T11:50:09
VEDAVAAG,INE359B01010,3/13/2024,BSE,EQ,X,buy,FALSE,50,47.720001,4236200,1.7103E+18,2024-03-13T12:09:10
TATATECH,INE142M01025,3/13/2024,BSE,EQ,B,buy,FALSE,1,1053.949951,6754100,1.71031E+18,2024-03-13T12:54:09
TATATECH,INE142M01025,3/13/2024,BSE,EQ,B,buy,FALSE,2,1054,6754300,1.71031E+18,2024-03-13T12:54:09
TEJASNET,INE010J01012,3/13/2024,BSE,EQ,A,buy,FALSE,7,679.950012,197824100,1.71032E+18,2024-03-13T13:46:37
HINDCOPPER,INE531E01026,3/13/2024,NSE,EQ,EQ,buy,FALSE,10,237.899994,30701216,1.1E+15,2024-03-13T14:21:41
CDSL,INE736A01011,3/14/2024,NSE,EQ,EQ,buy,FALSE,4,1720.300049,782010,1E+15,2024-03-14T09:24:54
TEXRAIL,INE621L01012,3/14/2024,BSE,EQ,A,buy,FALSE,21,157.75,27205000,1.71039E+18,2024-03-14T09:25:23
TEXRAIL,INE621L01012,3/14/2024,BSE,EQ,A,buy,FALSE,29,157.699997,27204600,1.71039E+18,2024-03-14T09:25:23
SWANENERGY,INE665A01038,3/14/2024,NSE,EQ,EQ,buy,FALSE,12,506.600006,61131542,1.3E+15,2024-03-14T09:26:24
RKEC,INE786W01010,3/14/2024,NSE,EQ,EQ,buy,FALSE,27,80.5,61199790,1.3E+15,2024-03-14T09:27:12
RKEC,INE786W01010,3/14/2024,NSE,EQ,EQ,buy,FALSE,43,80.5,61201545,1.3E+15,2024-03-14T09:27:14
DCMSRIND,INE843D01027,3/14/2024,NSE,EQ,EQ,buy,FALSE,27,166.699997,21388522,1.1E+15,2024-03-14T09:28:37
DCMSRIND,INE843D01027,3/14/2024,NSE,EQ,EQ,buy,FALSE,17,166.75,21388523,1.1E+15,2024-03-14T09:28:37
DCMSRIND,INE843D01027,3/14/2024,NSE,EQ,EQ,buy,FALSE,1,166.649994,21388520,1.1E+15,2024-03-14T09:28:37
DCMSRIND,INE843D01027,3/14/2024,NSE,EQ,EQ,buy,FALSE,4,166.649994,21388521,1.1E+15,2024-03-14T09:28:37
DCMSRIND,INE843D01027,3/14/2024,NSE,EQ,EQ,buy,FALSE,1,166.649994,21388519,1.1E+15,2024-03-14T09:28:37
HINDCOPPER,INE531E01026,3/14/2024,BSE,EQ,A,buy,FALSE,10,246.949997,1549300,1.71039E+18,2024-03-14T09:29:16
MISHTANN,INE094S01041,3/14/2024,BSE,EQ,B,buy,FALSE,100,17,4511300,1.71039E+18,2024-03-14T09:30:03
DCXINDIA,INE0KL801015,3/14/2024,NSE,EQ,EQ,buy,FALSE,4,267.450012,21527329,1.1E+15,2024-03-14T09:30:32
DCXINDIA,INE0KL801015,3/14/2024,NSE,EQ,EQ,buy,FALSE,6,267.399994,21527326,1.1E+15,2024-03-14T09:30:32
DCXINDIA,INE0KL801015,3/14/2024,NSE,EQ,EQ,buy,FALSE,4,267.399994,21527323,1.1E+15,2024-03-14T09:30:32
DCXINDIA,INE0KL801015,3/14/2024,NSE,EQ,EQ,buy,FALSE,1,267.399994,21527325,1.1E+15,2024-03-14T09:30:32
DCXINDIA,INE0KL801015,3/14/2024,NSE,EQ,EQ,buy,FALSE,2,267.399994,21527324,1.1E+15,2024-03-14T09:30:32
DCXINDIA,INE0KL801015,3/14/2024,NSE,EQ,EQ,buy,FALSE,1,267.450012,21527328,1.1E+15,2024-03-14T09:30:32
DCXINDIA,INE0KL801015,3/14/2024,NSE,EQ,EQ,buy,FALSE,2,267.399994,21527327,1.1E+15,2024-03-14T09:30:32
GREENPOWER,INE999K01014,3/14/2024,BSE,EQ,T,buy,FALSE,1,18,5421100,1.71039E+18,2024-03-14T09:34:18
INTLCONV,INE575C01027,3/14/2024,BSE,EQ,B,buy,FALSE,50,75.529999,2174000,1.71039E+18,2024-03-14T09:56:06
SUZLON,INE040H01021,3/14/2024,BSE,EQ,T,buy,FALSE,50,38.349998,15238200,1.71039E+18,2024-03-14T11:26:38
NATIONALUM,INE139A01034,3/14/2024,NSE,EQ,EQ,buy,FALSE,2,142.850006,47017828,1.2E+15,2024-03-14T12:25:42
MAPMYINDIA,INE0BV301023,3/18/2024,NSE,EQ,EQ,buy,FALSE,1,1700,42299900,1.2E+15,2024-03-18T10:12:21
MAPMYINDIA,INE0BV301023,3/18/2024,NSE,EQ,EQ,buy,FALSE,2,1700.75,42299901,1.2E+15,2024-03-18T10:12:21
MAPMYINDIA,INE0BV301023,3/18/2024,NSE,EQ,EQ,buy,FALSE,2,1700.800049,42299902,1.2E+15,2024-03-18T10:12:21
PRAJIND,INE074A01025,3/18/2024,NSE,EQ,EQ,buy,FALSE,15,466.5,42324956,1.2E+15,2024-03-18T10:13:24
SAIL,INE114A01011,3/18/2024,BSE,EQ,A,buy,FALSE,10,124.099998,1278000,1.71073E+18,2024-03-18T10:24:45
KPITTECH,INE04I401011,3/18/2024,NSE,EQ,EQ,buy,FALSE,2,1374.599976,42783917,1.2E+15,2024-03-18T10:34:15
BSE,INE118H01025,3/18/2024,NSE,EQ,EQ,buy,FALSE,1,2031,2231314,1E+15,2024-03-18T10:34:46
MSUMI,INE0FS801015,3/18/2024,NSE,EQ,EQ,buy,FALSE,10,62.900002,42819633,1.2E+15,2024-03-18T10:35:37
BIRLAPREC,INE372E01025,3/18/2024,BSE,EQ,XT,buy,FALSE,10,60,5082900,1.71073E+18,2024-03-18T10:36:11
HDFCBANK,INE040A01034,3/18/2024,NSE,EQ,EQ,buy,FALSE,1,1444,22554618,1.1E+15,2024-03-18T10:37:20
HDFCBANK,INE040A01034,3/18/2024,NSE,EQ,EQ,buy,FALSE,1,1444,22554619,1.1E+15,2024-03-18T10:37:20
IDFCFIRSTB,INE092T01019,3/18/2024,BSE,EQ,A,buy,FALSE,50,78.57,4183300,1.71074E+18,2024-03-18T10:37:56
HBLPOWER,INE292B01021,3/18/2024,NSE,EQ,EQ,sell,FALSE,11,467.149994,22587345,1.1E+15,2024-03-18T10:39:08
HBLPOWER,INE292B01021,3/18/2024,NSE,EQ,EQ,sell,FALSE,19,467.149994,22587346,1.1E+15,2024-03-18T10:39:08
HINDCOPPER,INE531E01026,3/18/2024,NSE,EQ,EQ,buy,FALSE,20,268.899994,22620363,1.1E+15,2024-03-18T10:41:01
KABRAEXTRU,INE900B01029,3/18/2024,NSE,EQ,EQ,buy,FALSE,5,320.25,42957890,1.2E+15,2024-03-18T10:42:23
KABRAEXTRU,INE900B01029,3/18/2024,NSE,EQ,EQ,buy,FALSE,1,320.25,42957891,1.2E+15,2024-03-18T10:42:23
KABRAEXTRU,INE900B01029,3/18/2024,NSE,EQ,EQ,buy,FALSE,4,320.25,42957892,1.2E+15,2024-03-18T10:42:23
KABRAEXTRU,INE900B01029,3/18/2024,NSE,EQ,EQ,buy,FALSE,1,320.200012,42957889,1.2E+15,2024-03-18T10:42:23
KABRAEXTRU,INE900B01029,3/18/2024,NSE,EQ,EQ,buy,FALSE,1,320.299988,42957893,1.2E+15,2024-03-18T10:42:23
KABRAEXTRU,INE900B01029,3/18/2024,NSE,EQ,EQ,buy,FALSE,3,320.299988,42957894,1.2E+15,2024-03-18T10:42:23
KABRAEXTRU,INE900B01029,3/18/2024,NSE,EQ,EQ,buy,FALSE,5,320.200012,42957888,1.2E+15,2024-03-18T10:42:23
NHPC,INE848E01016,3/18/2024,BSE,EQ,A,buy,FALSE,10,84.239998,4634900,1.71074E+18,2024-03-18T10:44:14
CORDSCABLE,INE792I01017,3/18/2024,BSE,EQ,T,buy,FALSE,35,158,6526400,1.71073E+18,2024-03-18T10:44:57
SUZLON,INE040H01021,3/18/2024,NSE,EQ,BE,buy,FALSE,20,38,63485565,1.3E+15,2024-03-18T11:09:19
CDSL,INE736A01011,3/19/2024,NSE,EQ,EQ,buy,FALSE,1,1700.699951,59573,1E+15,2024-03-19T09:15:33
CDSL,INE736A01011,3/19/2024,NSE,EQ,EQ,buy,FALSE,1,1700.699951,59574,1E+15,2024-03-19T09:15:33
CDSL,INE736A01011,3/19/2024,NSE,EQ,EQ,buy,FALSE,2,1700.650024,59571,1E+15,2024-03-19T09:15:33
CDSL,INE736A01011,3/19/2024,NSE,EQ,EQ,buy,FALSE,1,1700.699951,59572,1E+15,2024-03-19T09:15:33
HINDCOPPER,INE531E01026,3/19/2024,NSE,EQ,EQ,buy,FALSE,10,270.200012,20129369,1.1E+15,2024-03-19T09:16:24
BSE,INE118H01025,3/19/2024,NSE,EQ,EQ,buy,FALSE,1,2038.599976,130627,1E+15,2024-03-19T09:16:54
GREENPOWER,INE999K01014,3/19/2024,BSE,EQ,T,buy,FALSE,49,19.5,1090400,1.71082E+18,2024-03-19T09:18:48
CDSL,INE736A01011,3/20/2024,NSE,EQ,EQ,buy,FALSE,1,1630.949951,2060145,1E+15,2024-03-20T10:44:43
CDSL,INE736A01011,3/20/2024,NSE,EQ,EQ,buy,FALSE,4,1630.949951,2060144,1E+15,2024-03-20T10:44:43
IRCTC,INE335Y01020,3/20/2024,BSE,EQ,A,buy,FALSE,3,899.349976,59821200,1.71091E+18,2024-03-20T11:42:00
IDFCFIRSTB,INE092T01019,3/21/2024,NSE,EQ,EQ,buy,FALSE,20,77.650002,21140632,1.1E+15,2024-03-21T09:44:13
CORDSCABLE,INE792I01017,3/21/2024,BSE,EQ,T,sell,FALSE,10,170,8192500,1.71099E+18,2024-03-21T12:52:56
CORDSCABLE,INE792I01017,3/21/2024,BSE,EQ,T,sell,FALSE,10,170,8198800,1.71099E+18,2024-03-21T12:53:22
CORDSCABLE,INE792I01017,3/21/2024,BSE,EQ,T,sell,FALSE,15,170,8229900,1.71099E+18,2024-03-21T12:54:35
KPITTECH,INE04I401011,3/21/2024,NSE,EQ,EQ,buy,FALSE,1,1345.949951,44686693,1.2E+15,2024-03-21T12:56:42
KPITTECH,INE04I401011,3/21/2024,NSE,EQ,EQ,buy,FALSE,1,1345.949951,44686692,1.2E+15,2024-03-21T12:56:42
BEL,INE263A01024,3/21/2024,NSE,EQ,EQ,buy,FALSE,2,196.300003,4757897,1E+15,2024-03-21T14:27:59
BEL,INE263A01024,3/21/2024,NSE,EQ,EQ,buy,FALSE,1,196.300003,4757899,1E+15,2024-03-21T14:27:59
BEL,INE263A01024,3/21/2024,NSE,EQ,EQ,buy,FALSE,1,196.300003,4757900,1E+15,2024-03-21T14:27:59
BEL,INE263A01024,3/21/2024,NSE,EQ,EQ,buy,FALSE,15,196.300003,4757898,1E+15,2024-03-21T14:27:59
BEL,INE263A01024,3/21/2024,NSE,EQ,EQ,buy,FALSE,1,196.300003,4757896,1E+15,2024-03-21T14:27:59
HAL,INE066F01020,3/21/2024,NSE,EQ,EQ,buy,FALSE,1,3105.800049,25952603,1.1E+15,2024-03-21T14:28:16
RKEC,INE786W01010,3/22/2024,NSE,EQ,EQ,sell,FALSE,90,100.300003,61165254,1.3E+15,2024-03-22T09:39:28
RKEC,INE786W01010,3/22/2024,NSE,EQ,EQ,sell,FALSE,10,100.400002,61165253,1.3E+15,2024-03-22T09:39:28
ITBEES,INF204KB15V2,3/22/2024,NSE,EQ,EQ,sell,FALSE,265,37.080002,41081511,1.2E+15,2024-03-22T09:40:34
ITBEES,INF204KB15V2,3/22/2024,NSE,EQ,EQ,sell,FALSE,5,37.080002,41081510,1.2E+15,2024-03-22T09:40:34
ITBEES,INF204KB15V2,3/22/2024,NSE,EQ,EQ,sell,FALSE,30,37.080002,41081509,1.2E+15,2024-03-22T09:40:34
PHARMABEES,INF204KC1089,3/22/2024,NSE,EQ,EQ,sell,FALSE,275,18.940001,41287837,1.2E+15,2024-03-22T09:48:08
PHARMABEES,INF204KC1089,3/22/2024,NSE,EQ,EQ,sell,FALSE,214,18.940001,41287839,1.2E+15,2024-03-22T09:48:08
PHARMABEES,INF204KC1089,3/22/2024,NSE,EQ,EQ,sell,FALSE,11,18.940001,41287838,1.2E+15,2024-03-22T09:48:08
BHEL,INE257A01026,3/22/2024,NSE,EQ,EQ,buy,FALSE,20,236.699997,1713011,1E+15,2024-03-22T10:27:26
CAMS,INE596I01012,3/22/2024,NSE,EQ,EQ,buy,FALSE,1,3069.899902,1734790,1E+15,2024-03-22T10:28:53
TEXRAIL,INE621L01012,3/26/2024,BSE,EQ,A,buy,FALSE,10,166.449997,80423900,1.71144E+18,2024-03-26T12:25:24
CDSL,INE736A01011,3/27/2024,NSE,EQ,EQ,buy,FALSE,5,1711.349976,4288739,1E+15,2024-03-27T13:25:46
SWANENERGY,INE665A01038,3/28/2024,NSE,EQ,EQ,sell,FALSE,12,657.049988,62674392,1.3E+15,2024-03-28T10:38:08
SWANENERGY,INE665A01038,3/28/2024,NSE,EQ,EQ,sell,FALSE,8,657.049988,62674393,1.3E+15,2024-03-28T10:38:08
